[
  {
    "id": "2976df7b-198b-47e7-b337-029a3b46e95e",
    "data": [
      {
        "text": "mãi bên nhau bạn nhớ",
        "userDefined": false
      }
    ],
    "isTemplate": false,
    "count": 0,
    "lang": "en",
    "updated": 0
  },
  {
    "id": "6289f028-013f-416f-81c5-cdf41c06d8df",
    "data": [
      {
        "text": "cam on",
        "userDefined": false
      }
    ],
    "isTemplate": false,
    "count": 0,
    "lang": "en",
    "updated": 0
  },
  {
    "id": "9177c796-5605-4bd8-9a6b-f4bbc450b170",
    "data": [
      {
        "text": "thanks",
        "userDefined": false
      }
    ],
    "isTemplate": false,
    "count": 0,
    "lang": "en",
    "updated": 0
  },
  {
    "id": "3693119c-88c1-487d-ad6f-bc01762a0349",
    "data": [
      {
        "text": "tks",
        "userDefined": false
      }
    ],
    "isTemplate": false,
    "count": 0,
    "lang": "en",
    "updated": 0
  },
  {
    "id": "0a830893-686d-4c7a-adf8-548c59315f41",
    "data": [
      {
        "text": "tks u",
        "userDefined": false
      }
    ],
    "isTemplate": false,
    "count": 0,
    "lang": "en",
    "updated": 0
  },
  {
    "id": "4cd435a8-8835-4639-8dd5-d17abfc72204",
    "data": [
      {
        "text": "cảm ơn nhé",
        "userDefined": false
      }
    ],
    "isTemplate": false,
    "count": 0,
    "lang": "en",
    "updated": 0
  },
  {
    "id": "38baeb46-3a24-4848-b8a5-5eaa522d1326",
    "data": [
      {
        "text": "ngon",
        "userDefined": false
      }
    ],
    "isTemplate": false,
    "count": 0,
    "lang": "en",
    "updated": 0
  },
  {
    "id": "103e0550-41e7-4f55-87d3-7dd72e034f91",
    "data": [
      {
        "text": "c",
        "meta": "@ngoi_thu_hai",
        "alias": "ngoi_thu_hai",
        "userDefined": true
      },
      {
        "text": " giỏi thật",
        "userDefined": false
      }
    ],
    "isTemplate": false,
    "count": 0,
    "lang": "en",
    "updated": 0
  },
  {
    "id": "80daface-ae4f-4787-b36b-31c60542caaf",
    "data": [
      {
        "text": "m siêu thật đấy",
        "userDefined": false
      }
    ],
    "isTemplate": false,
    "count": 0,
    "lang": "en",
    "updated": 0
  },
  {
    "id": "ff5ff3a0-089a-4834-a2f5-bba6141520c7",
    "data": [
      {
        "text": "mày siêu thật đấy",
        "userDefined": false
      }
    ],
    "isTemplate": false,
    "count": 0,
    "lang": "en",
    "updated": 0
  }
]