[
  {
    "id": "4bd43aa4-c243-4238-a621-abc3f0860285",
    "data": [
      {
        "text": "khá quá nhờ",
        "userDefined": false
      }
    ],
    "isTemplate": false,
    "count": 0,
    "lang": "en",
    "updated": 0
  },
  {
    "id": "d37c4138-53d0-4929-aa5a-65b86c36b42f",
    "data": [
      {
        "text": "hay",
        "userDefined": false
      }
    ],
    "isTemplate": false,
    "count": 0,
    "lang": "en",
    "updated": 0
  },
  {
    "id": "23460801-6ed9-472f-b942-22c95ce68149",
    "data": [
      {
        "text": "được đấy",
        "userDefined": false
      }
    ],
    "isTemplate": false,
    "count": 0,
    "lang": "en",
    "updated": 0
  },
  {
    "id": "e1d08e9a-7e93-4fdd-bccf-667945291d2c",
    "data": [
      {
        "text": "arigato",
        "userDefined": false
      }
    ],
    "isTemplate": false,
    "count": 0,
    "lang": "en",
    "updated": 0
  },
  {
    "id": "8a05f33b-798c-48b6-804a-ef0ed64f4fa7",
    "data": [
      {
        "text": "camon",
        "userDefined": false
      }
    ],
    "isTemplate": false,
    "count": 0,
    "lang": "en",
    "updated": 0
  },
  {
    "id": "34129d2c-4b6c-454e-8662-d779e7fb6656",
    "data": [
      {
        "text": "cam on",
        "userDefined": false
      }
    ],
    "isTemplate": false,
    "count": 0,
    "lang": "en",
    "updated": 0
  },
  {
    "id": "16835cb4-eacc-43d2-af1d-117fa9785180",
    "data": [
      {
        "text": "thanks",
        "userDefined": false
      }
    ],
    "isTemplate": false,
    "count": 0,
    "lang": "en",
    "updated": 0
  },
  {
    "id": "ed3a42f3-5db5-424a-9b09-9b2a5bcd1574",
    "data": [
      {
        "text": "tks you",
        "userDefined": false
      }
    ],
    "isTemplate": false,
    "count": 0,
    "lang": "en",
    "updated": 0
  },
  {
    "id": "d706c904-eb08-4acc-b877-98e2887dfb1b",
    "data": [
      {
        "text": "cảm ơn nhá",
        "userDefined": false
      }
    ],
    "isTemplate": false,
    "count": 0,
    "lang": "en",
    "updated": 0
  }
]