[
  {
    "id": "267269cc-7c13-4f90-ac31-1f96ab3ca47d",
    "data": [
      {
        "text": "đặt câu với từ",
        "meta": "@Dat_cau",
        "alias": "Dat_cau",
        "userDefined": true
      },
      {
        "text": " ",
        "userDefined": false
      },
      {
        "text": "hand",
        "meta": "@sys.any",
        "alias": "any",
        "userDefined": true
      },
      {
        "text": " xem nào",
        "userDefined": false
      }
    ],
    "isTemplate": false,
    "count": 0,
    "lang": "en",
    "updated": 0
  },
  {
    "id": "723b56c9-424c-4f5d-aebc-11361212f980",
    "data": [
      {
        "text": "Câu với từ ",
        "userDefined": false
      },
      {
        "text": "hand",
        "meta": "@sys.any",
        "alias": "any",
        "userDefined": true
      },
      {
        "text": " ",
        "userDefined": false
      },
      {
        "text": "đặt như nào",
        "meta": "@Dat_cau",
        "alias": "Dat_cau",
        "userDefined": true
      }
    ],
    "isTemplate": false,
    "count": 0,
    "lang": "en",
    "updated": 0
  },
  {
    "id": "c6fd2e74-8aee-4cab-bfea-ef00ad8a2dff",
    "data": [
      {
        "text": "đặt câu từ",
        "meta": "@Dat_cau",
        "alias": "Dat_cau",
        "userDefined": true
      },
      {
        "text": " ",
        "userDefined": false
      },
      {
        "text": "house",
        "meta": "@sys.any",
        "alias": "any",
        "userDefined": true
      }
    ],
    "isTemplate": false,
    "count": 0,
    "lang": "en",
    "updated": 0
  },
  {
    "id": "438fff34-bf7e-4d7c-a0b9-54042f932d67",
    "data": [
      {
        "text": "dat cau voi tu",
        "meta": "@Dat_cau",
        "alias": "Dat_cau",
        "userDefined": true
      },
      {
        "text": " ",
        "userDefined": false
      },
      {
        "text": "hand",
        "meta": "@sys.any",
        "alias": "any",
        "userDefined": true
      }
    ],
    "isTemplate": false,
    "count": 0,
    "lang": "en",
    "updated": 0
  },
  {
    "id": "3dfa96a4-02ee-4f44-8133-40165d1c0d43",
    "data": [
      {
        "text": "t không biết ",
        "userDefined": false
      },
      {
        "text": "đặt câu với từ",
        "meta": "@Dat_cau",
        "alias": "Dat_cau",
        "userDefined": true
      },
      {
        "text": " ",
        "userDefined": false
      },
      {
        "text": "hand",
        "meta": "@sys.any",
        "alias": "any",
        "userDefined": true
      }
    ],
    "isTemplate": false,
    "count": 1,
    "lang": "en",
    "updated": 0
  },
  {
    "id": "bc5d7bd1-a48b-4abd-aafe-050c440035e3",
    "data": [
      {
        "text": "với từ ",
        "userDefined": false
      },
      {
        "text": "hand",
        "meta": "@sys.any",
        "alias": "any",
        "userDefined": true
      },
      {
        "text": " ",
        "userDefined": false
      },
      {
        "text": "đặt câu như nào",
        "meta": "@Dat_cau",
        "alias": "Dat_cau",
        "userDefined": true
      }
    ],
    "isTemplate": false,
    "count": 0,
    "lang": "en",
    "updated": 0
  },
  {
    "id": "f17338e6-d18c-4526-9c32-594423e5cc19",
    "data": [
      {
        "text": "Đặt câu với từ",
        "meta": "@Dat_cau",
        "alias": "Dat_cau",
        "userDefined": true
      },
      {
        "text": " ",
        "userDefined": false
      },
      {
        "text": "hand",
        "meta": "@sys.any",
        "alias": "any",
        "userDefined": true
      },
      {
        "text": " đi",
        "userDefined": false
      }
    ],
    "isTemplate": false,
    "count": 0,
    "lang": "en",
    "updated": 0
  }
]