[
  {
    "id": "d97d02a9-d56d-40c8-ad90-e411eead4102",
    "data": [
      {
        "text": "Tài liệu luyện thi part 1",
        "meta": "@tai_lieu_luyen_thi_part_1",
        "alias": "tai_lieu_luyen_thi_part_1",
        "userDefined": false
      },
      {
        "text": " nhé",
        "userDefined": false
      }
    ],
    "isTemplate": false,
    "count": 0,
    "lang": "en",
    "updated": 0
  },
  {
    "id": "74e23ef8-8197-432a-80b3-2b7ad8606258",
    "data": [
      {
        "text": "Mình",
        "meta": "@ngoi_thu_hai",
        "alias": "ngoi_thu_hai",
        "userDefined": false
      },
      {
        "text": " làm ",
        "userDefined": false
      },
      {
        "text": "Tài liệu luyện thi part 1",
        "meta": "@tai_lieu_luyen_thi_part_1",
        "alias": "tai_lieu_luyen_thi_part_1",
        "userDefined": false
      }
    ],
    "isTemplate": false,
    "count": 0,
    "lang": "en",
    "updated": 0
  },
  {
    "id": "65ad18a3-a79f-4b4e-ba42-17d849ce7fce",
    "data": [
      {
        "text": "Tài liệu luyện thi part 1",
        "meta": "@tai_lieu_luyen_thi_part_1",
        "alias": "tai_lieu_luyen_thi_part_1",
        "userDefined": false
      },
      {
        "text": " trước đi",
        "userDefined": false
      }
    ],
    "isTemplate": false,
    "count": 0,
    "lang": "en",
    "updated": 0
  },
  {
    "id": "6467caaf-740d-40a5-85ca-57f190bd2cb6",
    "data": [
      {
        "text": "Mình",
        "meta": "@ngoi_thu_hai",
        "alias": "ngoi_thu_hai",
        "userDefined": false
      },
      {
        "text": " muốn xem ",
        "userDefined": false
      },
      {
        "text": "Tài liệu luyện thi part 1",
        "meta": "@tai_lieu_luyen_thi_part_1",
        "alias": "tai_lieu_luyen_thi_part_1",
        "userDefined": false
      }
    ],
    "isTemplate": false,
    "count": 0,
    "lang": "en",
    "updated": 0
  },
  {
    "id": "b061eb9f-e5b7-44c4-a9b4-520dea96d726",
    "data": [
      {
        "text": "Gửi cho ",
        "userDefined": false
      },
      {
        "text": "mình",
        "meta": "@ngoi_thu_hai",
        "alias": "ngoi_thu_hai",
        "userDefined": false
      },
      {
        "text": " ",
        "userDefined": false
      },
      {
        "text": "Tài liệu luyện thi part 1",
        "meta": "@tai_lieu_luyen_thi_part_1",
        "alias": "tai_lieu_luyen_thi_part_1",
        "userDefined": false
      }
    ],
    "isTemplate": false,
    "count": 0,
    "lang": "en",
    "updated": 0
  }
]