[
  {
    "id": "e1a2338e-a94c-43c3-9d5a-e0add538a5ca",
    "data": [
      {
        "text": "tài liệu luyện thi",
        "meta": "@tai_lieu_luyen_thi",
        "alias": "tai_lieu_luyen_thi",
        "userDefined": false
      }
    ],
    "isTemplate": false,
    "count": 0,
    "lang": "en",
    "updated": 0
  },
  {
    "id": "4a35bf1a-5275-4879-a63b-80c701958512",
    "data": [
      {
        "text": "tài liệu luyện thi",
        "meta": "@tai_lieu_luyen_thi",
        "alias": "tai_lieu_luyen_thi",
        "userDefined": false
      },
      {
        "text": " gần đây",
        "userDefined": false
      }
    ],
    "isTemplate": false,
    "count": 0,
    "lang": "en",
    "updated": 0
  },
  {
    "id": "2da78130-cab4-4999-a4c2-fc8e152a729a",
    "data": [
      {
        "text": "có ",
        "userDefined": false
      },
      {
        "text": "tài liệu luyện thi",
        "meta": "@tai_lieu_luyen_thi",
        "alias": "tai_lieu_luyen_thi",
        "userDefined": false
      },
      {
        "text": " gần đây không",
        "userDefined": false
      }
    ],
    "isTemplate": false,
    "count": 0,
    "lang": "en",
    "updated": 0
  },
  {
    "id": "63492e17-2dd2-473f-99ee-646993715019",
    "data": [
      {
        "text": "Có ",
        "userDefined": false
      },
      {
        "text": "đề thi",
        "meta": "@tai_lieu_luyen_thi",
        "alias": "tai_lieu_luyen_thi",
        "userDefined": false
      },
      {
        "text": " những năm gần đây không",
        "userDefined": false
      }
    ],
    "isTemplate": false,
    "count": 0,
    "lang": "en",
    "updated": 0
  },
  {
    "id": "4816cd41-a79a-463b-a13c-a4207a421a37",
    "data": [
      {
        "text": "Gửi cho ",
        "userDefined": false
      },
      {
        "text": "mình",
        "meta": "@ngoi_thu_hai",
        "alias": "ngoi_thu_hai",
        "userDefined": false
      },
      {
        "text": " ",
        "userDefined": false
      },
      {
        "text": "tài liệu luyện thi",
        "meta": "@tai_lieu_luyen_thi",
        "alias": "tai_lieu_luyen_thi",
        "userDefined": false
      }
    ],
    "isTemplate": false,
    "count": 0,
    "lang": "en",
    "updated": 0
  },
  {
    "id": "71d6f6d8-fb1f-4507-b9f2-a77101d1afc8",
    "data": [
      {
        "text": "Bạn có thể gửi cho ",
        "userDefined": false
      },
      {
        "text": "mình",
        "meta": "@ngoi_thu_hai",
        "alias": "ngoi_thu_hai",
        "userDefined": false
      },
      {
        "text": " ",
        "userDefined": false
      },
      {
        "text": "đề thi",
        "meta": "@tai_lieu_luyen_thi",
        "alias": "tai_lieu_luyen_thi",
        "userDefined": false
      },
      {
        "text": " gần đây không",
        "userDefined": false
      }
    ],
    "isTemplate": false,
    "count": 0,
    "lang": "en",
    "updated": 0
  }
]