[
  {
    "id": "991dad43-6654-4c96-b27a-aa60843ffd76",
    "data": [
      {
        "text": "Tài liệu luyện thi part 2",
        "meta": "@tai_lieu_luyen_thi_part_2",
        "alias": "tai_lieu_luyen_thi_part_2",
        "userDefined": false
      },
      {
        "text": " nhé",
        "userDefined": false
      }
    ],
    "isTemplate": false,
    "count": 0,
    "lang": "en",
    "updated": 0
  },
  {
    "id": "9fa52e06-39aa-4e10-ab74-62cd26a9cb9c",
    "data": [
      {
        "text": "Mình",
        "meta": "@ngoi_thu_hai",
        "alias": "ngoi_thu_hai",
        "userDefined": false
      },
      {
        "text": " ",
        "userDefined": false
      },
      {
        "text": "làm",
        "meta": "@sys.color",
        "alias": "color",
        "userDefined": false
      },
      {
        "text": " ",
        "userDefined": false
      },
      {
        "text": "Tài liệu luyện thi part 2",
        "meta": "@tai_lieu_luyen_thi_part_2",
        "alias": "tai_lieu_luyen_thi_part_2",
        "userDefined": false
      }
    ],
    "isTemplate": false,
    "count": 0,
    "lang": "en",
    "updated": 0
  },
  {
    "id": "6066a67c-40b1-4c3d-b9e7-f727d06a4b8c",
    "data": [
      {
        "text": "Tài liệu luyện thi part 2",
        "meta": "@tai_lieu_luyen_thi_part_2",
        "alias": "tai_lieu_luyen_thi_part_2",
        "userDefined": false
      },
      {
        "text": " trước đi",
        "userDefined": false
      }
    ],
    "isTemplate": false,
    "count": 0,
    "lang": "en",
    "updated": 0
  },
  {
    "id": "1e2b6a2c-5c21-4412-a76d-2f06672e553d",
    "data": [
      {
        "text": "Mình",
        "meta": "@ngoi_thu_hai",
        "alias": "ngoi_thu_hai",
        "userDefined": false
      },
      {
        "text": " muốn xem ",
        "userDefined": false
      },
      {
        "text": "Tài liệu luyện thi part 2",
        "meta": "@tai_lieu_luyen_thi_part_2",
        "alias": "tai_lieu_luyen_thi_part_2",
        "userDefined": false
      },
      {
        "text": " trước",
        "userDefined": false
      }
    ],
    "isTemplate": false,
    "count": 0,
    "lang": "en",
    "updated": 0
  },
  {
    "id": "0ec0d8f2-b233-46c5-82a5-d225d8caee50",
    "data": [
      {
        "text": "Gửi cho ",
        "userDefined": false
      },
      {
        "text": "mình",
        "meta": "@ngoi_thu_hai",
        "alias": "ngoi_thu_hai",
        "userDefined": false
      },
      {
        "text": " ",
        "userDefined": false
      },
      {
        "text": "Tài liệu luyện thi part 2",
        "meta": "@tai_lieu_luyen_thi_part_2",
        "alias": "tai_lieu_luyen_thi_part_2",
        "userDefined": false
      }
    ],
    "isTemplate": false,
    "count": 0,
    "lang": "en",
    "updated": 0
  }
]