[
  {
    "id": "fbb43d2e-541f-46f2-9300-8711e1820601",
    "data": [
      {
        "text": "Tài liệu luyện thi part 7",
        "meta": "@tai_lieu_luyen_thi_part_7",
        "alias": "tai_lieu_luyen_thi_part_7",
        "userDefined": false
      },
      {
        "text": " nhé",
        "userDefined": false
      }
    ],
    "isTemplate": false,
    "count": 0,
    "lang": "en",
    "updated": 0
  },
  {
    "id": "4a1bc35d-b7f4-46f1-80d4-17e53d966ecf",
    "data": [
      {
        "text": "Mình",
        "meta": "@ngoi_thu_hai",
        "alias": "ngoi_thu_hai",
        "userDefined": false
      },
      {
        "text": " ",
        "userDefined": false
      },
      {
        "text": "làm",
        "meta": "@sys.color",
        "alias": "color",
        "userDefined": false
      },
      {
        "text": " ",
        "userDefined": false
      },
      {
        "text": "Tài liệu luyện thi part 7",
        "meta": "@tai_lieu_luyen_thi_part_7",
        "alias": "tai_lieu_luyen_thi_part_7",
        "userDefined": false
      }
    ],
    "isTemplate": false,
    "count": 0,
    "lang": "en",
    "updated": 0
  },
  {
    "id": "e752969c-8baa-47ea-a0aa-9be5f3ac588c",
    "data": [
      {
        "text": "Tài liệu luyện thi part 7",
        "meta": "@tai_lieu_luyen_thi_part_7",
        "alias": "tai_lieu_luyen_thi_part_7",
        "userDefined": false
      },
      {
        "text": " trước đi",
        "userDefined": false
      }
    ],
    "isTemplate": false,
    "count": 0,
    "lang": "en",
    "updated": 0
  },
  {
    "id": "23da58c0-24cb-44c7-93ee-cd9cb4647144",
    "data": [
      {
        "text": "Mình",
        "meta": "@ngoi_thu_hai",
        "alias": "ngoi_thu_hai",
        "userDefined": false
      },
      {
        "text": " muốn xem ",
        "userDefined": false
      },
      {
        "text": "Tài liệu luyện thi part 7",
        "meta": "@tai_lieu_luyen_thi_part_7",
        "alias": "tai_lieu_luyen_thi_part_7",
        "userDefined": false
      },
      {
        "text": " trước",
        "userDefined": false
      }
    ],
    "isTemplate": false,
    "count": 0,
    "lang": "en",
    "updated": 0
  },
  {
    "id": "b1b5f52b-63cc-4311-80dc-aedef80a6b96",
    "data": [
      {
        "text": "Gửi cho ",
        "userDefined": false
      },
      {
        "text": "mình",
        "meta": "@ngoi_thu_hai",
        "alias": "ngoi_thu_hai",
        "userDefined": false
      },
      {
        "text": " ",
        "userDefined": false
      },
      {
        "text": "Tài liệu luyện thi part 7",
        "meta": "@tai_lieu_luyen_thi_part_7",
        "alias": "tai_lieu_luyen_thi_part_7",
        "userDefined": false
      }
    ],
    "isTemplate": false,
    "count": 0,
    "lang": "en",
    "updated": 0
  }
]