[
  {
    "id": "63948b88-141e-462a-a086-57e47726786c",
    "data": [
      {
        "text": "Tài liệu luyện thi part 6",
        "meta": "@tai_lieu_luyen_thi_part_6",
        "alias": "tai_lieu_luyen_thi_part_6",
        "userDefined": false
      },
      {
        "text": " nhé",
        "userDefined": false
      }
    ],
    "isTemplate": false,
    "count": 0,
    "lang": "en",
    "updated": 0
  },
  {
    "id": "ce3b43b0-cfc2-41f0-9ea3-9742b270c9de",
    "data": [
      {
        "text": "Mình",
        "meta": "@ngoi_thu_hai",
        "alias": "ngoi_thu_hai",
        "userDefined": false
      },
      {
        "text": " ",
        "userDefined": false
      },
      {
        "text": "làm",
        "meta": "@sys.color",
        "alias": "color",
        "userDefined": false
      },
      {
        "text": " ",
        "userDefined": false
      },
      {
        "text": "Tài liệu luyện thi part 6",
        "meta": "@tai_lieu_luyen_thi_part_6",
        "alias": "tai_lieu_luyen_thi_part_6",
        "userDefined": false
      }
    ],
    "isTemplate": false,
    "count": 0,
    "lang": "en",
    "updated": 0
  },
  {
    "id": "aadb39f4-cc13-4549-9d94-cb33398658e3",
    "data": [
      {
        "text": "Tài liệu luyện thi part 6",
        "meta": "@tai_lieu_luyen_thi_part_6",
        "alias": "tai_lieu_luyen_thi_part_6",
        "userDefined": false
      },
      {
        "text": " trước đi",
        "userDefined": false
      }
    ],
    "isTemplate": false,
    "count": 0,
    "lang": "en",
    "updated": 0
  },
  {
    "id": "ed6a27a5-b05e-407d-ab47-26474dc46508",
    "data": [
      {
        "text": "Mình",
        "meta": "@ngoi_thu_hai",
        "alias": "ngoi_thu_hai",
        "userDefined": false
      },
      {
        "text": " muốn xem ",
        "userDefined": false
      },
      {
        "text": "Tài liệu luyện thi part 6",
        "meta": "@tai_lieu_luyen_thi_part_6",
        "alias": "tai_lieu_luyen_thi_part_6",
        "userDefined": false
      },
      {
        "text": " trước",
        "userDefined": false
      }
    ],
    "isTemplate": false,
    "count": 0,
    "lang": "en",
    "updated": 0
  },
  {
    "id": "1fbd4daf-fb90-4227-b0c3-2573bc62c196",
    "data": [
      {
        "text": "Gửi cho ",
        "userDefined": false
      },
      {
        "text": "mình",
        "meta": "@ngoi_thu_hai",
        "alias": "ngoi_thu_hai",
        "userDefined": false
      },
      {
        "text": " ",
        "userDefined": false
      },
      {
        "text": "Tài liệu luyện thi part 6",
        "meta": "@tai_lieu_luyen_thi_part_6",
        "alias": "tai_lieu_luyen_thi_part_6",
        "userDefined": false
      }
    ],
    "isTemplate": false,
    "count": 0,
    "lang": "en",
    "updated": 0
  }
]