[
  {
    "id": "4610f72a-a7a6-43f3-a58a-14e6589c9211",
    "data": [
      {
        "text": "Tài liệu luyện thi part 5",
        "meta": "@tai_lieu_luyen_thi_part_5",
        "alias": "tai_lieu_luyen_thi_part_5",
        "userDefined": false
      },
      {
        "text": " nhé",
        "userDefined": false
      }
    ],
    "isTemplate": false,
    "count": 0,
    "lang": "en",
    "updated": 0
  },
  {
    "id": "18f2d24f-65a6-4250-b1d2-a43247a8550a",
    "data": [
      {
        "text": "Mình",
        "meta": "@ngoi_thu_hai",
        "alias": "ngoi_thu_hai",
        "userDefined": false
      },
      {
        "text": " ",
        "userDefined": false
      },
      {
        "text": "làm",
        "meta": "@sys.color",
        "alias": "color",
        "userDefined": false
      },
      {
        "text": " ",
        "userDefined": false
      },
      {
        "text": "Tài liệu luyện thi part 5",
        "meta": "@tai_lieu_luyen_thi_part_5",
        "alias": "tai_lieu_luyen_thi_part_5",
        "userDefined": false
      }
    ],
    "isTemplate": false,
    "count": 0,
    "lang": "en",
    "updated": 0
  },
  {
    "id": "6e1f07a2-51f7-4a4b-a890-37adc8abc423",
    "data": [
      {
        "text": "Tài liệu luyện thi part 5",
        "meta": "@tai_lieu_luyen_thi_part_5",
        "alias": "tai_lieu_luyen_thi_part_5",
        "userDefined": false
      },
      {
        "text": " trước đi",
        "userDefined": false
      }
    ],
    "isTemplate": false,
    "count": 0,
    "lang": "en",
    "updated": 0
  },
  {
    "id": "1c129534-bba1-4b09-9ae9-9162065513f4",
    "data": [
      {
        "text": "Mình",
        "meta": "@ngoi_thu_hai",
        "alias": "ngoi_thu_hai",
        "userDefined": false
      },
      {
        "text": " muốn xem ",
        "userDefined": false
      },
      {
        "text": "Tài liệu luyện thi part 5",
        "meta": "@tai_lieu_luyen_thi_part_5",
        "alias": "tai_lieu_luyen_thi_part_5",
        "userDefined": false
      },
      {
        "text": " trước",
        "userDefined": false
      }
    ],
    "isTemplate": false,
    "count": 0,
    "lang": "en",
    "updated": 0
  },
  {
    "id": "c4eddeee-b28f-49bc-bfd6-e0c11ad250e0",
    "data": [
      {
        "text": "Gửi cho ",
        "userDefined": false
      },
      {
        "text": "mình",
        "meta": "@ngoi_thu_hai",
        "alias": "ngoi_thu_hai",
        "userDefined": false
      },
      {
        "text": " ",
        "userDefined": false
      },
      {
        "text": "Tài liệu luyện thi part 5",
        "meta": "@tai_lieu_luyen_thi_part_5",
        "alias": "tai_lieu_luyen_thi_part_5",
        "userDefined": false
      }
    ],
    "isTemplate": false,
    "count": 0,
    "lang": "en",
    "updated": 0
  }
]