[
  {
    "id": "3d38dabe-f6d9-402c-bd3a-b9e3488b24cb",
    "data": [
      {
        "text": "tài liệu tổng hợp",
        "meta": "@tai_lieu_luyen_thi_tong_hop",
        "alias": "tai_lieu_luyen_thi_tong_hop",
        "userDefined": false
      },
      {
        "text": " nhé",
        "userDefined": false
      }
    ],
    "isTemplate": false,
    "count": 0,
    "lang": "en",
    "updated": 0
  },
  {
    "id": "32412aeb-17f4-4b36-a546-f38514dce3c5",
    "data": [
      {
        "text": "Mình",
        "meta": "@ngoi_thu_hai",
        "alias": "ngoi_thu_hai",
        "userDefined": false
      },
      {
        "text": " làm ",
        "userDefined": false
      },
      {
        "text": "đề thi tổng hợp",
        "meta": "@tai_lieu_luyen_thi_tong_hop",
        "alias": "tai_lieu_luyen_thi_tong_hop",
        "userDefined": false
      }
    ],
    "isTemplate": false,
    "count": 0,
    "lang": "en",
    "updated": 0
  },
  {
    "id": "557944aa-0c9f-4752-8a77-64fbd8a28149",
    "data": [
      {
        "text": "Tài liệu tổng hợp",
        "meta": "@tai_lieu_luyen_thi_tong_hop",
        "alias": "tai_lieu_luyen_thi_tong_hop",
        "userDefined": false
      },
      {
        "text": " trước đi",
        "userDefined": false
      }
    ],
    "isTemplate": false,
    "count": 0,
    "lang": "en",
    "updated": 0
  },
  {
    "id": "a693f933-9914-44fc-abb4-9cb6137a1b0b",
    "data": [
      {
        "text": "Mình",
        "meta": "@ngoi_thu_hai",
        "alias": "ngoi_thu_hai",
        "userDefined": false
      },
      {
        "text": " muốn xem ",
        "userDefined": false
      },
      {
        "text": "tài liệu luyện thi tổng hợp",
        "meta": "@tai_lieu_luyen_thi_tong_hop",
        "alias": "tai_lieu_luyen_thi_tong_hop",
        "userDefined": false
      },
      {
        "text": " trước",
        "userDefined": false
      }
    ],
    "isTemplate": false,
    "count": 0,
    "lang": "en",
    "updated": 0
  },
  {
    "id": "4d67cc22-cdbe-4f79-9361-ef0d960d0240",
    "data": [
      {
        "text": "Gửi cho ",
        "userDefined": false
      },
      {
        "text": "mình",
        "meta": "@ngoi_thu_hai",
        "alias": "ngoi_thu_hai",
        "userDefined": false
      },
      {
        "text": " ",
        "userDefined": false
      },
      {
        "text": "tài liệu luyện thi tổng hợp",
        "meta": "@tai_lieu_luyen_thi_tong_hop",
        "alias": "tai_lieu_luyen_thi_tong_hop",
        "userDefined": false
      }
    ],
    "isTemplate": false,
    "count": 1,
    "lang": "en",
    "updated": 0
  }
]