[
  {
    "id": "a7dc7a2a-7ed5-4759-8eb7-71a94f4a1922",
    "data": [
      {
        "text": "eh t bảo",
        "userDefined": false
      }
    ],
    "isTemplate": false,
    "count": 0,
    "lang": "en",
    "updated": 0
  },
  {
    "id": "abda12d1-202d-4a52-a307-f34d2af7ce83",
    "data": [
      {
        "text": "t bảo",
        "userDefined": false
      }
    ],
    "isTemplate": false,
    "count": 0,
    "lang": "en",
    "updated": 0
  },
  {
    "id": "1c167656-71d4-4228-91a1-0e59a5f89f2f",
    "data": [
      {
        "text": "thằng kia",
        "userDefined": false
      }
    ],
    "isTemplate": false,
    "count": 0,
    "lang": "en",
    "updated": 0
  },
  {
    "id": "88990eb4-0404-4bce-a808-dcb1e8fae131",
    "data": [
      {
        "text": "ê thang l",
        "userDefined": false
      }
    ],
    "isTemplate": false,
    "count": 0,
    "lang": "en",
    "updated": 0
  },
  {
    "id": "3a17cd64-d2cc-42ee-b33a-0050f0016ed2",
    "data": [
      {
        "text": "a nhoo",
        "userDefined": false
      }
    ],
    "isTemplate": false,
    "count": 0,
    "lang": "en",
    "updated": 0
  },
  {
    "id": "cb868d93-33db-4982-b46d-5fa8158e0ca8",
    "data": [
      {
        "text": "aloooooo",
        "userDefined": false
      }
    ],
    "isTemplate": false,
    "count": 0,
    "lang": "en",
    "updated": 0
  },
  {
    "id": "37358e69-e477-4eab-be87-8fa735f3ae32",
    "data": [
      {
        "text": "ehhh",
        "userDefined": false
      }
    ],
    "isTemplate": false,
    "count": 0,
    "lang": "en",
    "updated": 0
  },
  {
    "id": "3622ca4b-0977-44d2-ac9f-6648f244a289",
    "data": [
      {
        "text": "ê",
        "userDefined": false
      }
    ],
    "isTemplate": false,
    "count": 0,
    "lang": "en",
    "updated": 0
  },
  {
    "id": "f227ee00-c0d5-407a-9a53-4cf7d1ca1f6f",
    "data": [
      {
        "text": "hello",
        "userDefined": false
      }
    ],
    "isTemplate": false,
    "count": 0,
    "lang": "en",
    "updated": 0
  },
  {
    "id": "9148def7-06fb-4552-b4e0-eb9f2e618e97",
    "data": [
      {
        "text": "alo",
        "userDefined": false
      }
    ],
    "isTemplate": false,
    "count": 0,
    "lang": "en",
    "updated": 0
  },
  {
    "id": "d9d6b37a-bd45-4957-baa7-b0b9f0023114",
    "data": [
      {
        "text": "eh",
        "userDefined": false
      }
    ],
    "isTemplate": false,
    "count": 1,
    "lang": "en",
    "updated": 0
  },
  {
    "id": "81b1de5a-0e82-4114-b354-249ef1884dda",
    "data": [
      {
        "text": "Hế lô",
        "userDefined": false
      }
    ],
    "isTemplate": false,
    "count": 0,
    "lang": "en",
    "updated": 0
  },
  {
    "id": "0467d219-501a-4d10-8801-b895060de87b",
    "data": [
      {
        "text": "Tao",
        "meta": "@ngoi_thu_hai",
        "alias": "ngoi_thu_hai",
        "userDefined": true
      },
      {
        "text": " tên là ",
        "userDefined": false
      },
      {
        "text": "Dũng",
        "meta": "@Ten_nguoi_dung",
        "alias": "Ten_nguoi_dung",
        "userDefined": true
      }
    ],
    "isTemplate": false,
    "count": 0,
    "lang": "en",
    "updated": 0
  },
  {
    "id": "da8e72d4-c4b8-4822-861f-bfc71d7dd526",
    "data": [
      {
        "text": "Tớ",
        "meta": "@ngoi_thu_hai",
        "alias": "ngoi_thu_hai",
        "userDefined": true
      },
      {
        "text": " tên ",
        "userDefined": false
      },
      {
        "text": "Hiệp",
        "meta": "@Ten_nguoi_dung",
        "alias": "Ten_nguoi_dung",
        "userDefined": true
      }
    ],
    "isTemplate": false,
    "count": 0,
    "lang": "en",
    "updated": 0
  },
  {
    "id": "b94d7abc-74cd-4e4c-ba2c-e997714eeb19",
    "data": [
      {
        "text": "eh bot",
        "userDefined": false
      }
    ],
    "isTemplate": false,
    "count": 0,
    "lang": "en",
    "updated": 0
  },
  {
    "id": "ef3a4773-de79-4857-b569-ebeb5673cd7d",
    "data": [
      {
        "text": "chào",
        "userDefined": false
      }
    ],
    "isTemplate": false,
    "count": 0,
    "lang": "en",
    "updated": 0
  },
  {
    "id": "b16515cc-945b-4a45-b337-ff2509e0f69e",
    "data": [
      {
        "text": "Xin chào bot",
        "userDefined": false
      }
    ],
    "isTemplate": false,
    "count": 0,
    "lang": "en",
    "updated": 0
  },
  {
    "id": "61230800-6bf3-4e6b-a36b-a80af829263a",
    "data": [
      {
        "text": "alo ey ơi",
        "userDefined": false
      }
    ],
    "isTemplate": false,
    "count": 0,
    "lang": "en",
    "updated": 0
  },
  {
    "id": "3463e316-7e1f-4f22-ae74-a3504b7d78fe",
    "data": [
      {
        "text": "alo bot",
        "userDefined": false
      }
    ],
    "isTemplate": false,
    "count": 0,
    "lang": "en",
    "updated": 0
  },
  {
    "id": "d5e2bcdf-43f7-48e4-8250-ffa04bc88580",
    "data": [
      {
        "text": "alo alo",
        "userDefined": false
      }
    ],
    "isTemplate": false,
    "count": 0,
    "lang": "en",
    "updated": 0
  },
  {
    "id": "bab6d9f6-3c1e-4e75-be80-b8e45d30f63c",
    "data": [
      {
        "text": "Hi bot",
        "userDefined": false
      }
    ],
    "isTemplate": false,
    "count": 0,
    "lang": "en",
    "updated": 0
  },
  {
    "id": "eae97151-7a17-4382-bdc7-13adc7784070",
    "data": [
      {
        "text": "Hi ng ae",
        "userDefined": false
      }
    ],
    "isTemplate": false,
    "count": 0,
    "lang": "en",
    "updated": 0
  },
  {
    "id": "5e8ac3b6-8a00-4568-bfbe-9be89177231d",
    "data": [
      {
        "text": "Hi ngae",
        "userDefined": false
      }
    ],
    "isTemplate": false,
    "count": 1,
    "lang": "en",
    "updated": 0
  },
  {
    "id": "9bd6e244-beb5-4b51-a73b-e6d2340a0d5a",
    "data": [
      {
        "text": "Hello bot",
        "userDefined": false
      }
    ],
    "isTemplate": false,
    "count": 0,
    "lang": "en",
    "updated": 0
  },
  {
    "id": "da4a1377-8607-4123-99ea-28f8e631f6fc",
    "data": [
      {
        "text": "Xin chào",
        "userDefined": false
      }
    ],
    "isTemplate": false,
    "count": 0,
    "lang": "en",
    "updated": 0
  },
  {
    "id": "e9a0e23d-c11e-435c-811f-6c0deb893e5b",
    "data": [
      {
        "text": "just going to say hi",
        "userDefined": false
      }
    ],
    "isTemplate": false,
    "count": 0,
    "lang": "en",
    "updated": 0
  },
  {
    "id": "fe543cd3-daae-411e-a4d9-84f64e4a89ad",
    "data": [
      {
        "text": "heya",
        "userDefined": false
      }
    ],
    "isTemplate": false,
    "count": 0,
    "lang": "en",
    "updated": 0
  },
  {
    "id": "ed35adcc-1d76-4fde-a27c-b46a33ea5473",
    "data": [
      {
        "text": "hello hi",
        "userDefined": false
      }
    ],
    "isTemplate": false,
    "count": 0,
    "lang": "en",
    "updated": 0
  },
  {
    "id": "b42a6574-1d12-47a1-b982-2ca24643fc23",
    "data": [
      {
        "text": "howdy",
        "userDefined": false
      }
    ],
    "isTemplate": false,
    "count": 0,
    "lang": "en",
    "updated": 0
  },
  {
    "id": "1b558ccc-8afd-4dfc-9aac-1860d7e473d5",
    "data": [
      {
        "text": "hey there",
        "userDefined": false
      }
    ],
    "isTemplate": false,
    "count": 0,
    "lang": "en",
    "updated": 0
  },
  {
    "id": "22866996-92f1-47ca-92ef-427cdd2cfa0a",
    "data": [
      {
        "text": "hi there",
        "userDefined": false
      }
    ],
    "isTemplate": false,
    "count": 1,
    "lang": "en",
    "updated": 0
  },
  {
    "id": "de1a9d41-3e3f-440c-a84e-bbc71c2eb861",
    "data": [
      {
        "text": "greetings",
        "userDefined": false
      }
    ],
    "isTemplate": false,
    "count": 0,
    "lang": "en",
    "updated": 0
  },
  {
    "id": "fac1d6d9-c6fa-473b-a172-314b2965439d",
    "data": [
      {
        "text": "hey",
        "userDefined": false
      }
    ],
    "isTemplate": false,
    "count": 0,
    "lang": "en",
    "updated": 0
  },
  {
    "id": "3f055e75-d82d-408b-ad23-17b0009de5d6",
    "data": [
      {
        "text": "long time no see",
        "userDefined": false
      }
    ],
    "isTemplate": false,
    "count": 1,
    "lang": "en",
    "updated": 0
  },
  {
    "id": "9226c360-fbda-4cfb-80ef-b4ae41aa3a41",
    "data": [
      {
        "text": "lovely day isn\u0027t it",
        "userDefined": false
      }
    ],
    "isTemplate": false,
    "count": 0,
    "lang": "en",
    "updated": 0
  },
  {
    "id": "2332405c-7d60-454b-801a-f619ae34d5a1",
    "data": [
      {
        "text": "I greet you",
        "userDefined": false
      }
    ],
    "isTemplate": false,
    "count": 0,
    "lang": "en",
    "updated": 0
  },
  {
    "id": "8d408abc-51ad-4111-82da-f67fd0f140c2",
    "data": [
      {
        "text": "hello again",
        "userDefined": false
      }
    ],
    "isTemplate": false,
    "count": 0,
    "lang": "en",
    "updated": 0
  },
  {
    "id": "77d418be-5efb-47d6-853d-0cf6f0205326",
    "data": [
      {
        "text": "hi",
        "userDefined": false
      }
    ],
    "isTemplate": false,
    "count": 0,
    "lang": "en",
    "updated": 0
  },
  {
    "id": "e71007f1-f577-43b3-9c64-7d23d042078e",
    "data": [
      {
        "text": "hello there",
        "userDefined": false
      }
    ],
    "isTemplate": false,
    "count": 0,
    "lang": "en",
    "updated": 0
  },
  {
    "id": "edf718d9-4055-44c5-b71c-c6d9631b6744",
    "data": [
      {
        "text": "a good day",
        "userDefined": false
      }
    ],
    "isTemplate": false,
    "count": 0,
    "lang": "en",
    "updated": 0
  }
]