[
  {
    "id": "e5a6bdd7-7060-425d-b84f-4081bd201fab",
    "data": [
      {
        "text": "game đê",
        "userDefined": false
      }
    ],
    "isTemplate": false,
    "count": 0,
    "lang": "en",
    "updated": 0
  },
  {
    "id": "93476745-5ecc-481e-991c-2f64b4d6728f",
    "data": [
      {
        "text": "có game gì k",
        "userDefined": false
      }
    ],
    "isTemplate": false,
    "count": 0,
    "lang": "en",
    "updated": 0
  },
  {
    "id": "4d7a3406-d8fe-406e-9840-aea740f04522",
    "data": [
      {
        "text": "có trò chơi gì k",
        "userDefined": false
      }
    ],
    "isTemplate": false,
    "count": 0,
    "lang": "en",
    "updated": 0
  },
  {
    "id": "96b69116-2af8-45ff-9fac-883ecb83d7eb",
    "data": [
      {
        "text": "chơi ",
        "userDefined": false
      },
      {
        "text": "đó",
        "meta": "@sys.ignore",
        "userDefined": false
      },
      {
        "text": " vui đê",
        "userDefined": false
      }
    ],
    "isTemplate": false,
    "count": 1,
    "lang": "en",
    "updated": 0
  },
  {
    "id": "ebb7ccb1-8cf8-4675-a0b0-b107f9bae1b6",
    "data": [
      {
        "text": "Chơi trò chơi đê",
        "userDefined": false
      }
    ],
    "isTemplate": false,
    "count": 0,
    "lang": "en",
    "updated": 0
  }
]