[
  {
    "id": "f14738e5-1ee9-46f8-ac18-d374f62c9845",
    "data": [
      {
        "text": "Đội ngũ phát triển có ai",
        "userDefined": false
      }
    ],
    "isTemplate": false,
    "count": 0,
    "lang": "en",
    "updated": 0
  },
  {
    "id": "be57bed6-0e79-47ef-baa5-0032fabc2197",
    "data": [
      {
        "text": "Ai làm ra cậu",
        "userDefined": false
      }
    ],
    "isTemplate": false,
    "count": 0,
    "lang": "en",
    "updated": 0
  },
  {
    "id": "51338100-c7cd-4ab0-9fbc-8ff94a3deb2d",
    "data": [
      {
        "text": "Ai tạo ra mày",
        "userDefined": false
      }
    ],
    "isTemplate": false,
    "count": 0,
    "lang": "en",
    "updated": 0
  },
  {
    "id": "9bcb698b-6b63-469e-94e5-eb7eaa2ad1a0",
    "data": [
      {
        "text": "Ai tạo ra caauj?",
        "userDefined": false
      }
    ],
    "isTemplate": false,
    "count": 0,
    "lang": "en",
    "updated": 0
  }
]