[
  {
    "id": "fa8489e9-8764-498c-ac84-f943b425251d",
    "data": [
      {
        "text": "Hiệp là ai",
        "userDefined": false
      }
    ],
    "isTemplate": false,
    "count": 0,
    "lang": "en",
    "updated": 0
  },
  {
    "id": "835bc84d-c7a9-4be2-92c6-4cde9ea9e6b8",
    "data": [
      {
        "text": "thông tin của Hiệp",
        "userDefined": false
      }
    ],
    "isTemplate": false,
    "count": 0,
    "lang": "en",
    "updated": 0
  },
  {
    "id": "73b87ea7-ef54-4ca4-938f-2cdb59df3b15",
    "data": [
      {
        "text": "Cho tớ thêm thông tin bạn Hiệp được hem",
        "userDefined": false
      }
    ],
    "isTemplate": false,
    "count": 0,
    "lang": "en",
    "updated": 0
  }
]