[
  {
    "id": "739049d2-107e-4887-9679-17c6be8427ce",
    "data": [
      {
        "text": "t có thể làm gì với m",
        "userDefined": false
      }
    ],
    "isTemplate": false,
    "count": 0,
    "lang": "en",
    "updated": 0
  },
  {
    "id": "6b80676a-c708-4c7a-9af7-bb9a78ce891a",
    "data": [
      {
        "text": "học ",
        "userDefined": false
      },
      {
        "text": "toeic",
        "meta": "@TOEIC",
        "alias": "TOEIC",
        "userDefined": true
      }
    ],
    "isTemplate": false,
    "count": 0,
    "lang": "en",
    "updated": 0
  },
  {
    "id": "addced06-4a22-48bc-9e0f-7321d80c44ca",
    "data": [
      {
        "text": "t muốn học toeic",
        "userDefined": false
      }
    ],
    "isTemplate": false,
    "count": 0,
    "lang": "en",
    "updated": 0
  },
  {
    "id": "adaf7f9f-ace2-42cc-bbd2-8c5160d8bdc5",
    "data": [
      {
        "text": "TOEIC",
        "meta": "@TOEIC",
        "alias": "TOEIC",
        "userDefined": true
      }
    ],
    "isTemplate": false,
    "count": 0,
    "lang": "en",
    "updated": 0
  },
  {
    "id": "3e1ce912-8ce3-4149-80b9-b7008a810c13",
    "data": [
      {
        "text": "Tớ muốn học ",
        "userDefined": false
      },
      {
        "text": "TOEIC",
        "meta": "@TOEIC",
        "alias": "TOEIC",
        "userDefined": true
      }
    ],
    "isTemplate": false,
    "count": 0,
    "lang": "en",
    "updated": 0
  },
  {
    "id": "111d0e1b-162b-4b13-a12a-7c65d203a98a",
    "data": [
      {
        "text": "m biết gì",
        "userDefined": false
      }
    ],
    "isTemplate": false,
    "count": 0,
    "lang": "en",
    "updated": 0
  },
  {
    "id": "9fbf2115-6742-4771-84e3-328c3b03a3b9",
    "data": [
      {
        "text": "m làm đc gì",
        "userDefined": false
      }
    ],
    "isTemplate": false,
    "count": 0,
    "lang": "en",
    "updated": 0
  },
  {
    "id": "2917467b-0555-4afc-b8b0-009d114dc09a",
    "data": [
      {
        "text": "c làm đc gì",
        "userDefined": false
      }
    ],
    "isTemplate": false,
    "count": 0,
    "lang": "en",
    "updated": 0
  },
  {
    "id": "a8f035e2-3d36-4fb0-8694-0eb1b2ace871",
    "data": [
      {
        "text": "mày làm đc gì",
        "userDefined": false
      }
    ],
    "isTemplate": false,
    "count": 0,
    "lang": "en",
    "updated": 0
  },
  {
    "id": "f1ce5483-82d0-4dd4-96e4-3c39050334e1",
    "data": [
      {
        "text": "làm được cái gì",
        "userDefined": false
      }
    ],
    "isTemplate": false,
    "count": 0,
    "lang": "en",
    "updated": 0
  },
  {
    "id": "151688b1-17dc-467a-9d24-1eb2108f7557",
    "data": [
      {
        "text": "Cậu làm được cái gì nào",
        "userDefined": false
      }
    ],
    "isTemplate": false,
    "count": 0,
    "lang": "en",
    "updated": 0
  },
  {
    "id": "db643e55-66ee-4f02-95e2-1022d5db09f0",
    "data": [
      {
        "text": "Cậu làm được gì",
        "userDefined": false
      }
    ],
    "isTemplate": false,
    "count": 0,
    "lang": "en",
    "updated": 0
  },
  {
    "id": "a1047127-53a7-42cc-8597-6bca4596b8d1",
    "data": [
      {
        "text": "Khả năng của mày là gì",
        "userDefined": false
      }
    ],
    "isTemplate": false,
    "count": 0,
    "lang": "en",
    "updated": 0
  },
  {
    "id": "f065928b-27b3-4f3e-b122-b3b500d10be3",
    "data": [
      {
        "text": "Cậu có thể làm gì?",
        "userDefined": false
      }
    ],
    "isTemplate": false,
    "count": 0,
    "lang": "en",
    "updated": 0
  },
  {
    "id": "5bf178a4-9f42-44f6-a7e9-07da013dbcd3",
    "data": [
      {
        "text": "Cậu giúp gì được tớ ?",
        "userDefined": false
      }
    ],
    "isTemplate": false,
    "count": 1,
    "lang": "en",
    "updated": 0
  }
]