[
  {
    "id": "6550c2e7-fd7f-4bd8-86cf-7ca7f01abd71",
    "data": [
      {
        "text": "mình",
        "meta": "@ngoi_thu_hai",
        "alias": "ngoi_thu_hai",
        "userDefined": false
      },
      {
        "text": " ",
        "userDefined": false
      },
      {
        "text": "không biết năng lực",
        "meta": "@khong_ro_trinh_do",
        "alias": "khong_ro_trinh_do",
        "userDefined": true
      },
      {
        "text": " hiện tại là bao nhiêu",
        "userDefined": false
      }
    ],
    "isTemplate": false,
    "count": 0,
    "lang": "en",
    "updated": 0
  },
  {
    "id": "f9081cf8-f373-41c0-b890-200517bf4a68",
    "data": [
      {
        "text": "mình",
        "meta": "@ngoi_thu_hai",
        "alias": "ngoi_thu_hai",
        "userDefined": false
      },
      {
        "text": " ",
        "userDefined": false
      },
      {
        "text": "không rõ trình độ",
        "meta": "@khong_ro_trinh_do",
        "alias": "khong_ro_trinh_do",
        "userDefined": true
      },
      {
        "text": " hiện tại đang là bao nhiêu",
        "userDefined": false
      }
    ],
    "isTemplate": false,
    "count": 0,
    "lang": "en",
    "updated": 0
  }
]