[
  {
    "id": "78731c5d-903f-42f2-8003-e01d04af1dea",
    "data": [
      {
        "text": "mình",
        "meta": "@ngoi_thu_hai",
        "alias": "ngoi_thu_hai",
        "userDefined": false
      },
      {
        "text": " ",
        "userDefined": false
      },
      {
        "text": "chưa rõ mục tiêu",
        "meta": "@khong_ro_muc_tieu",
        "alias": "khong_ro_muc_tieu",
        "userDefined": false
      },
      {
        "text": " sẽ là ",
        "userDefined": false
      },
      {
        "text": "bao",
        "meta": "@tai_lieu_hoc",
        "alias": "tai_lieu_hoc",
        "userDefined": false
      },
      {
        "text": " nhiêu",
        "userDefined": false
      }
    ],
    "isTemplate": false,
    "count": 0,
    "lang": "en",
    "updated": 0
  },
  {
    "id": "7729bc02-e299-4175-ad29-f918e4c6d9cf",
    "data": [
      {
        "text": "mình",
        "meta": "@ngoi_thu_hai",
        "alias": "ngoi_thu_hai",
        "userDefined": false
      },
      {
        "text": " ",
        "userDefined": false
      },
      {
        "text": "không biết cần đạt bao nhiêu điểm",
        "meta": "@khong_ro_muc_tieu",
        "alias": "khong_ro_muc_tieu",
        "userDefined": true
      }
    ],
    "isTemplate": false,
    "count": 0,
    "lang": "en",
    "updated": 0
  },
  {
    "id": "20475a91-f558-4e27-bc8a-e07ee745b228",
    "data": [
      {
        "text": "mình ",
        "userDefined": false
      },
      {
        "text": "không biết điểm muốn đạt",
        "meta": "@khong_ro_muc_tieu",
        "alias": "khong_ro_muc_tieu",
        "userDefined": true
      },
      {
        "text": " là ",
        "userDefined": false
      },
      {
        "text": "bao",
        "meta": "@sys.ignore",
        "userDefined": false
      },
      {
        "text": " nhiêu",
        "userDefined": false
      }
    ],
    "isTemplate": false,
    "count": 0,
    "lang": "en",
    "updated": 0
  }
]