[
  {
    "id": "fc1a2da5-bf61-41e6-8e4f-58b75d93c060",
    "data": [
      {
        "text": "đầu cắt moi",
        "userDefined": false
      }
    ],
    "isTemplate": false,
    "count": 0,
    "lang": "en",
    "updated": 0
  },
  {
    "id": "81773d31-e113-42c7-a4e4-f26e7425f004",
    "data": [
      {
        "text": "dclm",
        "userDefined": false
      }
    ],
    "isTemplate": false,
    "count": 0,
    "lang": "en",
    "updated": 0
  },
  {
    "id": "b936417b-3679-47e7-9995-4537d93bff07",
    "data": [
      {
        "text": "skdbfgsobfouwsbfwef",
        "userDefined": false
      }
    ],
    "isTemplate": false,
    "count": 0,
    "lang": "en",
    "updated": 0
  },
  {
    "id": "504be857-bd1e-4081-a09d-c21e023080a1",
    "data": [
      {
        "text": "đmmmmmmmmmmmmmmmm",
        "userDefined": false
      }
    ],
    "isTemplate": false,
    "count": 0,
    "lang": "en",
    "updated": 0
  },
  {
    "id": "a4f3965f-d029-4fc6-933d-0e4fe3e56781",
    "data": [
      {
        "text": "đm",
        "userDefined": false
      }
    ],
    "isTemplate": false,
    "count": 0,
    "lang": "en",
    "updated": 0
  },
  {
    "id": "a595110f-6db3-46fc-9e86-69fd883e4e75",
    "data": [
      {
        "text": "fuck u",
        "userDefined": false
      }
    ],
    "isTemplate": false,
    "count": 0,
    "lang": "en",
    "updated": 0
  },
  {
    "id": "1905d5f6-142d-490c-bd78-c58befe4d383",
    "data": [
      {
        "text": "fuck",
        "userDefined": false
      }
    ],
    "isTemplate": false,
    "count": 0,
    "lang": "en",
    "updated": 0
  },
  {
    "id": "dec1c30b-db0e-44c1-9aef-f6e0a0f864a0",
    "data": [
      {
        "text": "đcm",
        "userDefined": false
      }
    ],
    "isTemplate": false,
    "count": 0,
    "lang": "en",
    "updated": 0
  },
  {
    "id": "c40420a8-7015-4852-a125-465981f29fb8",
    "data": [
      {
        "text": "ngu vl",
        "userDefined": false
      }
    ],
    "isTemplate": false,
    "count": 0,
    "lang": "en",
    "updated": 0
  }
]