[
  {
    "id": "f9dc94ec-d7ea-4bdf-a665-8ecf8bdec67a",
    "data": [
      {
        "text": "Tao muốn học toeic",
        "userDefined": false
      }
    ],
    "isTemplate": false,
    "count": 0,
    "lang": "en",
    "updated": 0
  },
  {
    "id": "7cbb270b-dd28-452e-a942-d7db0fd7e836",
    "data": [
      {
        "text": "t muốn học toeic",
        "userDefined": false
      }
    ],
    "isTemplate": false,
    "count": 0,
    "lang": "en",
    "updated": 0
  },
  {
    "id": "5840cbbf-e81c-4fa3-b841-e6b62d8a04ef",
    "data": [
      {
        "text": "toeic",
        "userDefined": false
      }
    ],
    "isTemplate": false,
    "count": 0,
    "lang": "en",
    "updated": 0
  },
  {
    "id": "f0262843-2b5c-4c01-9fde-d74c713aed1d",
    "data": [
      {
        "text": "học toeic",
        "userDefined": false
      }
    ],
    "isTemplate": false,
    "count": 0,
    "lang": "en",
    "updated": 0
  },
  {
    "id": "a17e4e1f-2ab4-4f09-a740-f1325a269812",
    "data": [
      {
        "text": "Tớ",
        "meta": "@ngoi_thu_hai",
        "alias": "ngoi_thu_hai",
        "userDefined": false
      },
      {
        "text": " muốn học toeic",
        "userDefined": false
      }
    ],
    "isTemplate": false,
    "count": 0,
    "lang": "en",
    "updated": 0
  }
]