[
  {
    "id": "ca474b84-a052-4cfb-aae7-c872dad55e22",
    "data": [
      {
        "text": "mình",
        "meta": "@ngoi_thu_hai",
        "alias": "ngoi_thu_hai",
        "userDefined": false
      },
      {
        "text": " muốn xem về ",
        "userDefined": false
      },
      {
        "text": "nhà đất",
        "meta": "@Nha_dat",
        "alias": "nha_dat",
        "userDefined": false
      },
      {
        "text": " trước",
        "userDefined": false
      }
    ],
    "isTemplate": false,
    "count": 0,
    "lang": "en",
    "updated": 0
  },
  {
    "id": "0dd2f6d9-ce16-4c26-a05c-004161809e0a",
    "data": [
      {
        "text": "mình",
        "meta": "@ngoi_thu_hai",
        "alias": "ngoi_thu_hai",
        "userDefined": false
      },
      {
        "text": " muốn tìm hiểu về ",
        "userDefined": false
      },
      {
        "text": "nahf đất",
        "meta": "@Nha_dat",
        "alias": "nha_dat",
        "userDefined": true
      }
    ],
    "isTemplate": false,
    "count": 0,
    "lang": "en",
    "updated": 0
  },
  {
    "id": "c4ca4b9a-3f6e-4a8d-8f91-4fb8cc507b82",
    "data": [
      {
        "text": "nhà đất",
        "meta": "@Nha_dat",
        "alias": "nha_dat",
        "userDefined": false
      },
      {
        "text": " trước đi",
        "userDefined": false
      }
    ],
    "isTemplate": false,
    "count": 0,
    "lang": "en",
    "updated": 0
  },
  {
    "id": "9760113e-e88c-4cd6-b850-3931998a0be5",
    "data": [
      {
        "text": "nhà đất",
        "meta": "@Nha_dat",
        "alias": "nha_dat",
        "userDefined": false
      },
      {
        "text": " đi",
        "userDefined": false
      }
    ],
    "isTemplate": false,
    "count": 0,
    "lang": "en",
    "updated": 0
  }
]