[
  {
    "id": "d699fde4-582d-4b99-b547-c70ed7bcea8a",
    "data": [
      {
        "text": "có tài liệu gì hay k",
        "userDefined": false
      }
    ],
    "isTemplate": false,
    "count": 0,
    "lang": "en",
    "updated": 0
  },
  {
    "id": "a463ce3a-6416-4d69-97ea-0b77a2b07555",
    "data": [
      {
        "text": "có tài liệu gì hay không",
        "userDefined": false
      }
    ],
    "isTemplate": false,
    "count": 0,
    "lang": "en",
    "updated": 0
  },
  {
    "id": "88a8f3d8-60ff-4fd9-a359-588663811cbd",
    "data": [
      {
        "text": "tai lieu",
        "userDefined": false
      }
    ],
    "isTemplate": false,
    "count": 0,
    "lang": "en",
    "updated": 0
  },
  {
    "id": "7453cac1-0322-432b-9a50-47a3bba1a07b",
    "data": [
      {
        "text": "tài liệu đi",
        "userDefined": false
      }
    ],
    "isTemplate": false,
    "count": 0,
    "lang": "en",
    "updated": 0
  },
  {
    "id": "da579e01-a8b6-4321-a580-49a5f52de15b",
    "data": [
      {
        "text": "pdf đi",
        "userDefined": false
      }
    ],
    "isTemplate": false,
    "count": 0,
    "lang": "en",
    "updated": 0
  },
  {
    "id": "40ffdaeb-b530-46b6-ad0e-9a6bac266462",
    "data": [
      {
        "text": "sách đi bạn ơi",
        "userDefined": false
      }
    ],
    "isTemplate": false,
    "count": 0,
    "lang": "en",
    "updated": 0
  },
  {
    "id": "2fd95126-a439-43ce-889c-2b5718240cc1",
    "data": [
      {
        "text": "sach di b ei",
        "userDefined": false
      }
    ],
    "isTemplate": false,
    "count": 0,
    "lang": "en",
    "updated": 0
  },
  {
    "id": "bf3a29fd-00de-4e41-afc5-ce3113d424cc",
    "data": [
      {
        "text": "Sach",
        "userDefined": false
      }
    ],
    "isTemplate": false,
    "count": 0,
    "lang": "en",
    "updated": 0
  },
  {
    "id": "a57ccfcf-4a8e-414c-bca3-e9d290a67a3d",
    "data": [
      {
        "text": "Sách nhé bạn ơi",
        "userDefined": false
      }
    ],
    "isTemplate": false,
    "count": 0,
    "lang": "en",
    "updated": 0
  },
  {
    "id": "3cea1f87-df06-47fc-9791-a4badebfb48d",
    "data": [
      {
        "text": "Book đi",
        "userDefined": false
      }
    ],
    "isTemplate": false,
    "count": 0,
    "lang": "en",
    "updated": 0
  },
  {
    "id": "07c97ca2-dca4-40f7-aa36-629f977f7f7c",
    "data": [
      {
        "text": "Sách đê",
        "userDefined": false
      }
    ],
    "isTemplate": false,
    "count": 0,
    "lang": "en",
    "updated": 0
  }
]