[
  {
    "id": "4b147b91-729d-45df-99a9-5bda83139e23",
    "data": [
      {
        "text": "Công nghệ",
        "meta": "@Cong_nghe",
        "alias": "cong_nghe",
        "userDefined": false
      },
      {
        "text": " đi",
        "userDefined": false
      }
    ],
    "isTemplate": false,
    "count": 0,
    "lang": "en",
    "updated": 0
  },
  {
    "id": "85127421-9087-466b-9354-f19afcfbfd43",
    "data": [
      {
        "text": "Mình",
        "meta": "@ngoi_thu_hai",
        "alias": "ngoi_thu_hai",
        "userDefined": false
      },
      {
        "text": " chọn tìm hiểu về ",
        "userDefined": false
      },
      {
        "text": "Công nghệ",
        "meta": "@Cong_nghe",
        "alias": "cong_nghe",
        "userDefined": false
      }
    ],
    "isTemplate": false,
    "count": 0,
    "lang": "en",
    "updated": 0
  },
  {
    "id": "fb4f27a6-7260-4371-9b18-e33d092cf59b",
    "data": [
      {
        "text": "Mình",
        "meta": "@ngoi_thu_hai",
        "alias": "ngoi_thu_hai",
        "userDefined": false
      },
      {
        "text": " muốn tìm hiểu về ",
        "userDefined": false
      },
      {
        "text": "Công nghệ",
        "meta": "@Cong_nghe",
        "alias": "cong_nghe",
        "userDefined": false
      },
      {
        "text": " trước",
        "userDefined": false
      }
    ],
    "isTemplate": false,
    "count": 0,
    "lang": "en",
    "updated": 0
  },
  {
    "id": "9051a5e9-81b0-4b72-804f-c52db5e335cf",
    "data": [
      {
        "text": "Công nghệ",
        "meta": "@Cong_nghe",
        "alias": "cong_nghe",
        "userDefined": false
      },
      {
        "text": " trước đi",
        "userDefined": false
      }
    ],
    "isTemplate": false,
    "count": 0,
    "lang": "en",
    "updated": 0
  }
]