[
  {
    "id": "2118124c-609b-479a-b497-162794c878d3",
    "data": [
      {
        "text": "Công nghệ",
        "meta": "@Cong_nghe",
        "alias": "cong_nghe",
        "userDefined": false
      },
      {
        "text": " đi",
        "userDefined": false
      }
    ],
    "isTemplate": false,
    "count": 0,
    "lang": "en",
    "updated": 0
  },
  {
    "id": "2fe88d1a-8a96-4b28-83b4-a234f0cb409e",
    "data": [
      {
        "text": "Mình",
        "meta": "@ngoi_thu_hai",
        "alias": "ngoi_thu_hai",
        "userDefined": false
      },
      {
        "text": " chọn tìm hiểu về ",
        "userDefined": false
      },
      {
        "text": "Công nghệ",
        "meta": "@Cong_nghe",
        "alias": "cong_nghe",
        "userDefined": false
      }
    ],
    "isTemplate": false,
    "count": 0,
    "lang": "en",
    "updated": 0
  },
  {
    "id": "a2cff685-608f-48f1-9482-72d004593fc4",
    "data": [
      {
        "text": "Mình",
        "meta": "@ngoi_thu_hai",
        "alias": "ngoi_thu_hai",
        "userDefined": false
      },
      {
        "text": " muốn tìm hiểu về ",
        "userDefined": false
      },
      {
        "text": "Công nghệ",
        "meta": "@Cong_nghe",
        "alias": "cong_nghe",
        "userDefined": false
      },
      {
        "text": " trước",
        "userDefined": false
      }
    ],
    "isTemplate": false,
    "count": 0,
    "lang": "en",
    "updated": 0
  },
  {
    "id": "f4e87fc9-df2e-4385-aae8-0e446c7237e3",
    "data": [
      {
        "text": "Công nghệ",
        "meta": "@Cong_nghe",
        "alias": "cong_nghe",
        "userDefined": false
      },
      {
        "text": " trước đi",
        "userDefined": false
      }
    ],
    "isTemplate": false,
    "count": 0,
    "lang": "en",
    "updated": 0
  }
]