[
  {
    "id": "1c595e1b-f3e0-45f9-85f3-583246aa44b4",
    "data": [
      {
        "text": "mình",
        "meta": "@ngoi_thu_hai",
        "alias": "ngoi_thu_hai",
        "userDefined": false
      },
      {
        "text": " luyện qua ",
        "userDefined": false
      },
      {
        "text": "tài liệu luyện thi",
        "meta": "@tai_lieu_luyen_thi",
        "alias": "tai_lieu_luyen_thi",
        "userDefined": false
      }
    ],
    "isTemplate": false,
    "count": 0,
    "lang": "en",
    "updated": 0
  },
  {
    "id": "9a625477-19e5-4d52-b2cc-e2edee81aaa2",
    "data": [
      {
        "text": "mình",
        "meta": "@ngoi_thu_hai",
        "alias": "ngoi_thu_hai",
        "userDefined": false
      },
      {
        "text": " có sở thích là đọc ",
        "userDefined": false
      },
      {
        "text": "tài liệu luyện thi",
        "meta": "@tai_lieu_luyen_thi",
        "alias": "tai_lieu_luyen_thi",
        "userDefined": false
      },
      {
        "text": " rồi học qua đấy",
        "userDefined": false
      }
    ],
    "isTemplate": false,
    "count": 0,
    "lang": "en",
    "updated": 0
  },
  {
    "id": "6493b10d-6c39-4abf-a7db-932edbb0a890",
    "data": [
      {
        "text": "mình",
        "meta": "@ngoi_thu_hai",
        "alias": "ngoi_thu_hai",
        "userDefined": false
      },
      {
        "text": " thích học qua ",
        "userDefined": false
      },
      {
        "text": "tài liệu luyện thi",
        "meta": "@tai_lieu_luyen_thi",
        "alias": "tai_lieu_luyen_thi",
        "userDefined": false
      }
    ],
    "isTemplate": false,
    "count": 0,
    "lang": "en",
    "updated": 0
  },
  {
    "id": "457b39a1-b54d-460a-9991-10df17dc318e",
    "data": [
      {
        "text": "Mình",
        "meta": "@ngoi_thu_hai",
        "alias": "ngoi_thu_hai",
        "userDefined": false
      },
      {
        "text": " muốn học qua ",
        "userDefined": false
      },
      {
        "text": "tài liệu luyện thi",
        "meta": "@tai_lieu_luyen_thi",
        "alias": "tai_lieu_luyen_thi",
        "userDefined": false
      }
    ],
    "isTemplate": false,
    "count": 0,
    "lang": "en",
    "updated": 0
  },
  {
    "id": "4fd3c53f-0273-4c48-820f-41687fab692d",
    "data": [
      {
        "text": "tài liệu luyện thi",
        "meta": "@tai_lieu_luyen_thi",
        "alias": "tai_lieu_luyen_thi",
        "userDefined": false
      },
      {
        "text": " đi",
        "userDefined": false
      }
    ],
    "isTemplate": false,
    "count": 0,
    "lang": "en",
    "updated": 0
  },
  {
    "id": "5f6f64d9-d6b3-42b5-af04-5aa34360be7c",
    "data": [
      {
        "text": "tài liệu luyện thi",
        "meta": "@tai_lieu_luyen_thi",
        "alias": "tai_lieu_luyen_thi",
        "userDefined": false
      }
    ],
    "isTemplate": false,
    "count": 0,
    "lang": "en",
    "updated": 0
  }
]