[
  {
    "id": "011f6dfa-5fb9-44a1-8e8e-782f6d1815f8",
    "data": [
      {
        "text": "văn phòng",
        "meta": "@Van_phong",
        "alias": "van_phong",
        "userDefined": false
      },
      {
        "text": " đi",
        "userDefined": false
      }
    ],
    "isTemplate": false,
    "count": 0,
    "lang": "en",
    "updated": 0
  },
  {
    "id": "bb0284c2-98d2-4a14-b369-f6dd41b31d4d",
    "data": [
      {
        "text": "Mình",
        "meta": "@ngoi_thu_hai",
        "alias": "ngoi_thu_hai",
        "userDefined": false
      },
      {
        "text": " chọn tìm hiểu về ",
        "userDefined": false
      },
      {
        "text": "văn phòng",
        "meta": "@Van_phong",
        "alias": "van_phong",
        "userDefined": false
      }
    ],
    "isTemplate": false,
    "count": 0,
    "lang": "en",
    "updated": 0
  },
  {
    "id": "20be03a9-6ca6-433e-9cf6-752c15420193",
    "data": [
      {
        "text": "Mình",
        "meta": "@ngoi_thu_hai",
        "alias": "ngoi_thu_hai",
        "userDefined": false
      },
      {
        "text": " muốn tìm hiểu về ",
        "userDefined": false
      },
      {
        "text": "văn phòng",
        "meta": "@Van_phong",
        "alias": "van_phong",
        "userDefined": false
      },
      {
        "text": " trước",
        "userDefined": false
      }
    ],
    "isTemplate": false,
    "count": 0,
    "lang": "en",
    "updated": 0
  },
  {
    "id": "8f1fadb0-979a-476b-9db2-8ec8ab8ee271",
    "data": [
      {
        "text": "văn phòng",
        "meta": "@Van_phong",
        "alias": "van_phong",
        "userDefined": false
      },
      {
        "text": " trước đi",
        "userDefined": false
      }
    ],
    "isTemplate": false,
    "count": 0,
    "lang": "en",
    "updated": 0
  }
]