[
  {
    "id": "5283689c-6a5f-4bb9-9289-5f0da6472db0",
    "data": [
      {
        "text": "Vui chơi, ",
        "userDefined": false
      },
      {
        "text": "khám phá",
        "meta": "@Kham_pha_du_lich",
        "alias": "kham_pha_du_lich",
        "userDefined": false
      },
      {
        "text": ", đi ",
        "userDefined": false
      },
      {
        "text": "du lịch",
        "meta": "@Kham_pha_du_lich",
        "alias": "kham_pha_du_lich1",
        "userDefined": false
      },
      {
        "text": " đi",
        "userDefined": false
      }
    ],
    "isTemplate": false,
    "count": 0,
    "lang": "en",
    "updated": 0
  },
  {
    "id": "f56cae43-78d9-4109-8ba4-fed7bd751cc9",
    "data": [
      {
        "text": "Mình",
        "meta": "@ngoi_thu_hai",
        "alias": "ngoi_thu_hai",
        "userDefined": false
      },
      {
        "text": " chọn tìm hiểu về Vui chơi, ",
        "userDefined": false
      },
      {
        "text": "khám phá",
        "meta": "@Kham_pha_du_lich",
        "alias": "kham_pha_du_lich",
        "userDefined": false
      },
      {
        "text": ", đi ",
        "userDefined": false
      },
      {
        "text": "du lịch",
        "meta": "@Kham_pha_du_lich",
        "alias": "kham_pha_du_lich1",
        "userDefined": false
      }
    ],
    "isTemplate": false,
    "count": 0,
    "lang": "en",
    "updated": 0
  },
  {
    "id": "08030b45-7544-42e9-ae6f-0cd7c3c7911c",
    "data": [
      {
        "text": "Mình",
        "meta": "@ngoi_thu_hai",
        "alias": "ngoi_thu_hai",
        "userDefined": false
      },
      {
        "text": " muốn tìm hiểu về Vui chơi, ",
        "userDefined": false
      },
      {
        "text": "khám phá",
        "meta": "@Kham_pha_du_lich",
        "alias": "kham_pha_du_lich",
        "userDefined": false
      },
      {
        "text": ", đi ",
        "userDefined": false
      },
      {
        "text": "du lịch",
        "meta": "@Kham_pha_du_lich",
        "alias": "kham_pha_du_lich1",
        "userDefined": false
      },
      {
        "text": " trước",
        "userDefined": false
      }
    ],
    "isTemplate": false,
    "count": 0,
    "lang": "en",
    "updated": 0
  },
  {
    "id": "9a161441-8894-4329-ae71-855fe823c754",
    "data": [
      {
        "text": "Vui chơi, ",
        "userDefined": false
      },
      {
        "text": "khám phá",
        "meta": "@Kham_pha_du_lich",
        "alias": "kham_pha_du_lich",
        "userDefined": false
      },
      {
        "text": ", ",
        "userDefined": false
      },
      {
        "text": "du lịch",
        "meta": "@Kham_pha_du_lich",
        "alias": "kham_pha_du_lich1",
        "userDefined": false
      },
      {
        "text": " trước đi",
        "userDefined": false
      }
    ],
    "isTemplate": false,
    "count": 0,
    "lang": "en",
    "updated": 0
  }
]