[
  {
    "id": "19017d5c-8925-4a28-97cc-99f31959e80f",
    "data": [
      {
        "text": "chủ đề sức khỏe",
        "userDefined": false
      }
    ],
    "isTemplate": false,
    "count": 0,
    "lang": "en",
    "updated": 0
  },
  {
    "id": "84e18bfa-c0f8-4680-a32f-1f1cb73b8eb8",
    "data": [
      {
        "text": "sk đi",
        "userDefined": false
      }
    ],
    "isTemplate": false,
    "count": 0,
    "lang": "en",
    "updated": 0
  },
  {
    "id": "75626a15-cd3e-4cfa-a2af-1b70063e508f",
    "data": [
      {
        "text": "sức khỏe",
        "meta": "@Suc_khoe",
        "alias": "suc_khoe",
        "userDefined": false
      },
      {
        "text": " đi",
        "userDefined": false
      }
    ],
    "isTemplate": false,
    "count": 0,
    "lang": "en",
    "updated": 0
  },
  {
    "id": "6e01ebf0-bc7c-4514-af39-041d27022a09",
    "data": [
      {
        "text": "mình",
        "meta": "@ngoi_thu_hai",
        "alias": "ngoi_thu_hai",
        "userDefined": false
      },
      {
        "text": " muốn tìm hiểu về ",
        "userDefined": false
      },
      {
        "text": "sức khỏe",
        "meta": "@Suc_khoe",
        "alias": "suc_khoe",
        "userDefined": false
      }
    ],
    "isTemplate": false,
    "count": 0,
    "lang": "en",
    "updated": 0
  },
  {
    "id": "9fa101d8-00d7-4fed-af6e-95515526dd88",
    "data": [
      {
        "text": "sức khỏe",
        "meta": "@Suc_khoe",
        "alias": "suc_khoe",
        "userDefined": false
      },
      {
        "text": " trước đi",
        "userDefined": false
      }
    ],
    "isTemplate": false,
    "count": 0,
    "lang": "en",
    "updated": 0
  }
]