[
  {
    "id": "09c17ebd-e674-4db4-863e-ef621f339f30",
    "data": [
      {
        "text": "Mình",
        "meta": "@ngoi_thu_hai",
        "alias": "ngoi_thu_hai",
        "userDefined": false
      },
      {
        "text": " không muốn tìm hiểu về các ",
        "userDefined": false
      },
      {
        "text": "chủ đề này",
        "meta": "@Chu_de",
        "alias": "chu_de",
        "userDefined": false
      }
    ],
    "isTemplate": false,
    "count": 0,
    "lang": "en",
    "updated": 0
  },
  {
    "id": "07be1b6c-b616-412f-877f-5582e3df452a",
    "data": [
      {
        "text": "Còn ",
        "userDefined": false
      },
      {
        "text": "chủ đề nào khác",
        "meta": "@Chu_de",
        "alias": "chu_de",
        "userDefined": false
      },
      {
        "text": " không",
        "userDefined": false
      }
    ],
    "isTemplate": false,
    "count": 0,
    "lang": "en",
    "updated": 0
  }
]