[
  {
    "id": "5d6d73ad-f602-40e6-b3ad-90708708c72e",
    "data": [
      {
        "text": "văn phòng",
        "meta": "@Van_phong",
        "alias": "van_phong",
        "userDefined": false
      },
      {
        "text": " trước đi",
        "userDefined": false
      }
    ],
    "isTemplate": false,
    "count": 0,
    "lang": "en",
    "updated": 0
  },
  {
    "id": "1faada29-f92b-4857-8b05-42460e04692c",
    "data": [
      {
        "text": "mình",
        "meta": "@ngoi_thu_hai",
        "alias": "ngoi_thu_hai",
        "userDefined": false
      },
      {
        "text": " muốn tìm hiểu về ",
        "userDefined": false
      },
      {
        "text": "văn phòng",
        "meta": "@Van_phong",
        "alias": "van_phong",
        "userDefined": false
      },
      {
        "text": " trước",
        "userDefined": false
      }
    ],
    "isTemplate": false,
    "count": 0,
    "lang": "en",
    "updated": 0
  }
]