[
  {
    "id": "49603af8-ff91-4e0e-9e05-a7d462536665",
    "data": [
      {
        "text": "chữa bt đi",
        "userDefined": false
      }
    ],
    "isTemplate": false,
    "count": 0,
    "lang": "en",
    "updated": 0
  },
  {
    "id": "66224fe3-0d52-4b1a-9c1e-a8da96bd720d",
    "data": [
      {
        "text": "bt nhé",
        "userDefined": false
      }
    ],
    "isTemplate": false,
    "count": 0,
    "lang": "en",
    "updated": 0
  },
  {
    "id": "f91609d5-a299-4c18-97c6-bdff3bce0d20",
    "data": [
      {
        "text": "bài tập nhé",
        "userDefined": false
      }
    ],
    "isTemplate": false,
    "count": 1,
    "lang": "en",
    "updated": 0
  },
  {
    "id": "b7d6254d-1320-4467-bb24-ed69d8ccdf24",
    "data": [
      {
        "text": "luyện bài tập đi",
        "userDefined": false
      }
    ],
    "isTemplate": false,
    "count": 0,
    "lang": "en",
    "updated": 0
  },
  {
    "id": "23205dee-b44c-4d0f-a02d-04f2cb3b8913",
    "data": [
      {
        "text": "chữa đi",
        "userDefined": false
      }
    ],
    "isTemplate": false,
    "count": 0,
    "lang": "en",
    "updated": 0
  },
  {
    "id": "17e423eb-5f1f-495f-b94d-aee17975e5b0",
    "data": [
      {
        "text": "chữa toeic đi",
        "userDefined": false
      }
    ],
    "isTemplate": false,
    "count": 0,
    "lang": "en",
    "updated": 0
  },
  {
    "id": "5f7b23b1-3c19-441c-a6a9-15d2bfd5dbd7",
    "data": [
      {
        "text": "chữa bài đi",
        "userDefined": false
      }
    ],
    "isTemplate": false,
    "count": 0,
    "lang": "en",
    "updated": 0
  }
]