[
  {
    "id": "c933a00a-22ac-419f-98dc-5008a79e92a3",
    "data": [
      {
        "text": "Học tập tiếng anh",
        "meta": "@Hoc_tap_tieng_anh",
        "alias": "hoc_tap_tieng_anh",
        "userDefined": false
      },
      {
        "text": " đi",
        "userDefined": false
      }
    ],
    "isTemplate": false,
    "count": 0,
    "lang": "en",
    "updated": 0
  },
  {
    "id": "b6304e02-bf82-4315-9573-b13d0a4356c5",
    "data": [
      {
        "text": "Mình",
        "meta": "@ngoi_thu_hai",
        "alias": "ngoi_thu_hai",
        "userDefined": false
      },
      {
        "text": " chọn tìm hiểu về ",
        "userDefined": false
      },
      {
        "text": "học tập tiếng anh",
        "meta": "@Hoc_tap_tieng_anh",
        "alias": "hoc_tap_tieng_anh",
        "userDefined": false
      }
    ],
    "isTemplate": false,
    "count": 0,
    "lang": "en",
    "updated": 0
  },
  {
    "id": "a96998f2-0a96-4925-8462-13f9d6681424",
    "data": [
      {
        "text": "Mình",
        "meta": "@ngoi_thu_hai",
        "alias": "ngoi_thu_hai",
        "userDefined": false
      },
      {
        "text": " muốn tìm hiểu về ",
        "userDefined": false
      },
      {
        "text": "học tập tiếng anh",
        "meta": "@Hoc_tap_tieng_anh",
        "alias": "hoc_tap_tieng_anh",
        "userDefined": false
      },
      {
        "text": " trước",
        "userDefined": false
      }
    ],
    "isTemplate": false,
    "count": 0,
    "lang": "en",
    "updated": 0
  },
  {
    "id": "88aa43ad-4237-4e5f-bffc-21f638a31e46",
    "data": [
      {
        "text": "Học tập tiếng anh",
        "meta": "@Hoc_tap_tieng_anh",
        "alias": "hoc_tap_tieng_anh",
        "userDefined": false
      },
      {
        "text": " trước đi",
        "userDefined": false
      }
    ],
    "isTemplate": false,
    "count": 0,
    "lang": "en",
    "updated": 0
  }
]