[
  {
    "id": "ac4a01b1-7976-4d68-b01d-70188d78a807",
    "data": [
      {
        "text": "mình",
        "meta": "@ngoi_thu_hai",
        "alias": "ngoi_thu_hai",
        "userDefined": false
      },
      {
        "text": " luyện qua ",
        "userDefined": false
      },
      {
        "text": "sách",
        "meta": "@sach_bao",
        "alias": "sach_bao",
        "userDefined": false
      },
      {
        "text": " ",
        "userDefined": false
      },
      {
        "text": "báo",
        "meta": "@sach_bao",
        "alias": "sach_bao",
        "userDefined": false
      }
    ],
    "isTemplate": false,
    "count": 0,
    "lang": "en",
    "updated": 0
  },
  {
    "id": "12ab5162-cbdf-44fd-be10-b1aa934db4d5",
    "data": [
      {
        "text": "mình",
        "meta": "@ngoi_thu_hai",
        "alias": "ngoi_thu_hai",
        "userDefined": false
      },
      {
        "text": " có sở thích là đọc ",
        "userDefined": false
      },
      {
        "text": "sách",
        "meta": "@sach_bao",
        "alias": "sach_bao",
        "userDefined": false
      },
      {
        "text": " ",
        "userDefined": false
      },
      {
        "text": "báo",
        "meta": "@sach_bao",
        "alias": "sach_bao",
        "userDefined": false
      },
      {
        "text": " rồi học qua đấy",
        "userDefined": false
      }
    ],
    "isTemplate": false,
    "count": 0,
    "lang": "en",
    "updated": 0
  },
  {
    "id": "b7ae0ed8-39b5-4651-894e-5409dba9a56a",
    "data": [
      {
        "text": "mình",
        "meta": "@ngoi_thu_hai",
        "alias": "ngoi_thu_hai",
        "userDefined": false
      },
      {
        "text": " thích học qua ",
        "userDefined": false
      },
      {
        "text": "sách",
        "meta": "@sach_bao",
        "alias": "sach_bao",
        "userDefined": false
      },
      {
        "text": " ",
        "userDefined": false
      },
      {
        "text": "báo",
        "meta": "@sach_bao",
        "alias": "sach_bao",
        "userDefined": false
      }
    ],
    "isTemplate": false,
    "count": 0,
    "lang": "en",
    "updated": 0
  },
  {
    "id": "6157bcb2-7bc1-4fa4-9da9-8d2e2e557c35",
    "data": [
      {
        "text": "Mình",
        "meta": "@ngoi_thu_hai",
        "alias": "ngoi_thu_hai",
        "userDefined": false
      },
      {
        "text": " muốn học qua ",
        "userDefined": false
      },
      {
        "text": "sách",
        "meta": "@sach_bao",
        "alias": "sach_bao",
        "userDefined": true
      },
      {
        "text": " ",
        "userDefined": false
      },
      {
        "text": "báo",
        "meta": "@sach_bao",
        "alias": "sach_bao",
        "userDefined": true
      }
    ],
    "isTemplate": false,
    "count": 0,
    "lang": "en",
    "updated": 0
  },
  {
    "id": "2cfb34f5-3847-422c-9e84-704c8f1fdccd",
    "data": [
      {
        "text": "Sách",
        "meta": "@sach_bao",
        "alias": "sach_bao",
        "userDefined": true
      },
      {
        "text": " ",
        "userDefined": false
      },
      {
        "text": "báo",
        "meta": "@sach_bao",
        "alias": "sach_bao",
        "userDefined": true
      },
      {
        "text": " đi",
        "userDefined": false
      }
    ],
    "isTemplate": false,
    "count": 0,
    "lang": "en",
    "updated": 0
  },
  {
    "id": "8a0ac9ae-1c40-477e-8870-829e3ceb0c45",
    "data": [
      {
        "text": "Sách báo",
        "meta": "@sach_bao",
        "alias": "sach_bao",
        "userDefined": true
      }
    ],
    "isTemplate": false,
    "count": 0,
    "lang": "en",
    "updated": 0
  }
]