[
  {
    "id": "51611514-fa30-49fc-b9bc-1235c60349ad",
    "data": [
      {
        "text": "ngân hàng",
        "meta": "@Ngan_hang",
        "alias": "ngan_hang",
        "userDefined": false
      },
      {
        "text": " trước đi",
        "userDefined": false
      }
    ],
    "isTemplate": false,
    "count": 0,
    "lang": "en",
    "updated": 0
  },
  {
    "id": "ac759f2e-c865-404f-9aa5-dace17f685fe",
    "data": [
      {
        "text": "ngân hàng",
        "meta": "@Ngan_hang",
        "alias": "ngan_hang",
        "userDefined": false
      },
      {
        "text": " đi",
        "userDefined": false
      }
    ],
    "isTemplate": false,
    "count": 0,
    "lang": "en",
    "updated": 0
  },
  {
    "id": "e27e4334-c2ab-42ad-aa98-9928cc1bc499",
    "data": [
      {
        "text": "mình",
        "meta": "@ngoi_thu_hai",
        "alias": "ngoi_thu_hai",
        "userDefined": false
      },
      {
        "text": " muốn xem về ",
        "userDefined": false
      },
      {
        "text": "ngân hàng",
        "meta": "@Ngan_hang",
        "alias": "ngan_hang",
        "userDefined": false
      },
      {
        "text": " trước",
        "userDefined": false
      }
    ],
    "isTemplate": false,
    "count": 0,
    "lang": "en",
    "updated": 0
  },
  {
    "id": "3a79954c-14f2-49d6-9699-fbdc0c8d7d6b",
    "data": [
      {
        "text": "mình",
        "meta": "@ngoi_thu_hai",
        "alias": "ngoi_thu_hai",
        "userDefined": false
      },
      {
        "text": " muốn tìm hiểu về ",
        "userDefined": false
      },
      {
        "text": "ngân hàng",
        "meta": "@Ngan_hang",
        "alias": "ngan_hang",
        "userDefined": false
      }
    ],
    "isTemplate": false,
    "count": 0,
    "lang": "en",
    "updated": 0
  }
]