[
  {
    "id": "3ecf08d3-2e0f-4af1-9955-9e7110e0edeb",
    "data": [
      {
        "text": "ngân hàng",
        "meta": "@Ngan_hang",
        "alias": "ngan_hang",
        "userDefined": false
      },
      {
        "text": " đi",
        "userDefined": false
      }
    ],
    "isTemplate": false,
    "count": 0,
    "lang": "en",
    "updated": 0
  },
  {
    "id": "f53f6744-fbc5-4136-845c-ea8f7ba23aea",
    "data": [
      {
        "text": "Mình",
        "meta": "@ngoi_thu_hai",
        "alias": "ngoi_thu_hai",
        "userDefined": false
      },
      {
        "text": " chọn tìm hiểu về ",
        "userDefined": false
      },
      {
        "text": "ngân hàng",
        "meta": "@Ngan_hang",
        "alias": "ngan_hang",
        "userDefined": false
      }
    ],
    "isTemplate": false,
    "count": 0,
    "lang": "en",
    "updated": 0
  },
  {
    "id": "2a04cbbb-c117-4f53-8b47-6b9873f6db5b",
    "data": [
      {
        "text": "Mình",
        "meta": "@ngoi_thu_hai",
        "alias": "ngoi_thu_hai",
        "userDefined": false
      },
      {
        "text": " muốn tìm hiểu về ",
        "userDefined": false
      },
      {
        "text": "ngân hàng",
        "meta": "@Ngan_hang",
        "alias": "ngan_hang",
        "userDefined": false
      },
      {
        "text": " trước",
        "userDefined": false
      }
    ],
    "isTemplate": false,
    "count": 0,
    "lang": "en",
    "updated": 0
  },
  {
    "id": "ab8f2219-25de-45da-a1cf-90c841349383",
    "data": [
      {
        "text": "ngân hàng",
        "meta": "@Ngan_hang",
        "alias": "ngan_hang",
        "userDefined": false
      },
      {
        "text": " trước đi",
        "userDefined": false
      }
    ],
    "isTemplate": false,
    "count": 0,
    "lang": "en",
    "updated": 0
  }
]