[
  {
    "id": "a6ad7204-7326-4c25-b2c8-29cc37303db3",
    "data": [
      {
        "text": "Mình",
        "meta": "@ngoi_thu_hai",
        "alias": "ngoi_thu_hai",
        "userDefined": false
      },
      {
        "text": " không muốn tìm hiểu về các ",
        "userDefined": false
      },
      {
        "text": "chủ đề này",
        "meta": "@Chu_de",
        "alias": "chu_de",
        "userDefined": false
      }
    ],
    "isTemplate": false,
    "count": 0,
    "lang": "en",
    "updated": 0
  },
  {
    "id": "443dcd1d-7d01-4367-92af-46272030b71b",
    "data": [
      {
        "text": "Còn ",
        "userDefined": false
      },
      {
        "text": "chủ đề nào khác",
        "meta": "@Chu_de",
        "alias": "chu_de",
        "userDefined": false
      },
      {
        "text": " không",
        "userDefined": false
      }
    ],
    "isTemplate": false,
    "count": 0,
    "lang": "en",
    "updated": 0
  }
]