[
  {
    "id": "4bf5238d-c4d7-42b6-90cc-0ecdeeeb865f",
    "data": [
      {
        "text": "mình",
        "meta": "@ngoi_thu_hai",
        "alias": "ngoi_thu_hai",
        "userDefined": false
      },
      {
        "text": " muốn tìm hiểu về ",
        "userDefined": false
      },
      {
        "text": "thể thao",
        "meta": "@the_thao",
        "alias": "the_thao",
        "userDefined": false
      },
      {
        "text": " trước",
        "userDefined": false
      }
    ],
    "isTemplate": false,
    "count": 0,
    "lang": "en",
    "updated": 0
  },
  {
    "id": "c614eca5-5e45-454b-ac9a-c38222893d4c",
    "data": [
      {
        "text": "thể thao",
        "meta": "@the_thao",
        "alias": "the_thao",
        "userDefined": false
      },
      {
        "text": " trước đi",
        "userDefined": false
      }
    ],
    "isTemplate": false,
    "count": 0,
    "lang": "en",
    "updated": 0
  }
]