[
  {
    "id": "bc315b77-8267-435d-a367-b97d54621289",
    "data": [
      {
        "text": "công nghiệp",
        "meta": "@Cong_nghiep",
        "alias": "cong_nghiep",
        "userDefined": false
      },
      {
        "text": " đi",
        "userDefined": false
      }
    ],
    "isTemplate": false,
    "count": 0,
    "lang": "en",
    "updated": 0
  },
  {
    "id": "b8dd9721-9d3a-4cf6-8da7-19ef79efbdbd",
    "data": [
      {
        "text": "Mình",
        "meta": "@ngoi_thu_hai",
        "alias": "ngoi_thu_hai",
        "userDefined": false
      },
      {
        "text": " chọn tìm hiểu về ",
        "userDefined": false
      },
      {
        "text": "công nghiệp",
        "meta": "@Cong_nghiep",
        "alias": "cong_nghiep",
        "userDefined": false
      }
    ],
    "isTemplate": false,
    "count": 0,
    "lang": "en",
    "updated": 0
  },
  {
    "id": "3fd2c26c-d3e2-474e-b13f-974c4972739a",
    "data": [
      {
        "text": "Mình",
        "meta": "@ngoi_thu_hai",
        "alias": "ngoi_thu_hai",
        "userDefined": false
      },
      {
        "text": " muốn tìm hiểu về ",
        "userDefined": false
      },
      {
        "text": "công nghiệp",
        "meta": "@Cong_nghiep",
        "alias": "cong_nghiep",
        "userDefined": false
      },
      {
        "text": " trước",
        "userDefined": false
      }
    ],
    "isTemplate": false,
    "count": 0,
    "lang": "en",
    "updated": 0
  },
  {
    "id": "3e7c6f39-23e9-429a-a824-91c652d0fda6",
    "data": [
      {
        "text": "công nghiệp",
        "meta": "@Cong_nghiep",
        "alias": "cong_nghiep",
        "userDefined": false
      },
      {
        "text": " trước đi",
        "userDefined": false
      }
    ],
    "isTemplate": false,
    "count": 0,
    "lang": "en",
    "updated": 0
  }
]