[
  {
    "id": "cd168047-6778-44a7-9e8d-a344eb5b8e7e",
    "data": [
      {
        "text": "Bạn có thể gợi ý ",
        "userDefined": false
      },
      {
        "text": "cách học khác",
        "meta": "@cach_hoc_khac",
        "alias": "cach_hoc_khac",
        "userDefined": false
      },
      {
        "text": " không",
        "userDefined": false
      }
    ],
    "isTemplate": false,
    "count": 0,
    "lang": "en",
    "updated": 0
  },
  {
    "id": "67a8e562-b2ab-4cc8-b4c5-37d3b09113dc",
    "data": [
      {
        "text": "Mình",
        "meta": "@ngoi_thu_hai",
        "alias": "ngoi_thu_hai",
        "userDefined": false
      },
      {
        "text": " ",
        "userDefined": false
      },
      {
        "text": "không muốn luyện qua các cách học này",
        "meta": "@cach_hoc_khac",
        "alias": "cach_hoc_khac",
        "userDefined": true
      }
    ],
    "isTemplate": false,
    "count": 0,
    "lang": "en",
    "updated": 0
  },
  {
    "id": "0a1506b5-e222-43d1-9781-8810176964ca",
    "data": [
      {
        "text": "Còn ",
        "userDefined": false
      },
      {
        "text": "cách học nào khác",
        "meta": "@cach_hoc_khac",
        "alias": "cach_hoc_khac",
        "userDefined": true
      },
      {
        "text": " không?",
        "userDefined": false
      }
    ],
    "isTemplate": false,
    "count": 0,
    "lang": "en",
    "updated": 0
  }
]