[
  {
    "id": "ea6658a1-3161-4215-98f7-ac313c28b90e",
    "data": [
      {
        "text": "mình",
        "meta": "@ngoi_thu_hai",
        "alias": "ngoi_thu_hai",
        "userDefined": false
      },
      {
        "text": " muốn tìm hiểu về ",
        "userDefined": false
      },
      {
        "text": "khám phá",
        "meta": "@Kham_pha_du_lich",
        "alias": "kham_pha_du_lich",
        "userDefined": false
      },
      {
        "text": " ",
        "userDefined": false
      },
      {
        "text": "du lịch",
        "meta": "@Kham_pha_du_lich",
        "alias": "kham_pha_du_lich1",
        "userDefined": false
      },
      {
        "text": " trước",
        "userDefined": false
      }
    ],
    "isTemplate": false,
    "count": 0,
    "lang": "en",
    "updated": 0
  },
  {
    "id": "b3763148-5e2c-4fca-9d15-2ed41d898f55",
    "data": [
      {
        "text": "mình",
        "meta": "@ngoi_thu_hai",
        "alias": "ngoi_thu_hai",
        "userDefined": false
      },
      {
        "text": " muốn xem về ",
        "userDefined": false
      },
      {
        "text": "khám phá",
        "meta": "@Kham_pha_du_lich",
        "alias": "kham_pha_du_lich",
        "userDefined": false
      },
      {
        "text": " ",
        "userDefined": false
      },
      {
        "text": "du lịch",
        "meta": "@Kham_pha_du_lich",
        "alias": "kham_pha_du_lich1",
        "userDefined": false
      }
    ],
    "isTemplate": false,
    "count": 0,
    "lang": "en",
    "updated": 0
  },
  {
    "id": "853e02f5-6dfb-44e7-a496-acfe23210a7a",
    "data": [
      {
        "text": "Khám phá",
        "meta": "@Kham_pha_du_lich",
        "alias": "kham_pha_du_lich",
        "userDefined": false
      },
      {
        "text": " ",
        "userDefined": false
      },
      {
        "text": "du lịch",
        "meta": "@Kham_pha_du_lich",
        "alias": "kham_pha_du_lich1",
        "userDefined": false
      },
      {
        "text": " trước đi",
        "userDefined": false
      }
    ],
    "isTemplate": false,
    "count": 1,
    "lang": "en",
    "updated": 0
  }
]