[
  {
    "id": "1c9c5b31-e690-424a-a4c8-ab80c2e377ae",
    "data": [
      {
        "text": "sức khỏe",
        "meta": "@Suc_khoe",
        "alias": "suc_khoe",
        "userDefined": false
      },
      {
        "text": " đi",
        "userDefined": false
      }
    ],
    "isTemplate": false,
    "count": 0,
    "lang": "en",
    "updated": 0
  },
  {
    "id": "15367bd1-6fa0-4eba-8bc4-cb49f17fff8d",
    "data": [
      {
        "text": "Mình",
        "meta": "@ngoi_thu_hai",
        "alias": "ngoi_thu_hai",
        "userDefined": false
      },
      {
        "text": " chọn tìm hiểu về ",
        "userDefined": false
      },
      {
        "text": "sức khỏe",
        "meta": "@Suc_khoe",
        "alias": "suc_khoe",
        "userDefined": false
      }
    ],
    "isTemplate": false,
    "count": 0,
    "lang": "en",
    "updated": 0
  },
  {
    "id": "4fc4f00d-f85b-451d-aea3-6a84f810d7f8",
    "data": [
      {
        "text": "Mình",
        "meta": "@ngoi_thu_hai",
        "alias": "ngoi_thu_hai",
        "userDefined": false
      },
      {
        "text": " muốn tìm hiểu về ",
        "userDefined": false
      },
      {
        "text": "sức khỏe",
        "meta": "@Suc_khoe",
        "alias": "suc_khoe",
        "userDefined": false
      },
      {
        "text": " trước",
        "userDefined": false
      }
    ],
    "isTemplate": false,
    "count": 0,
    "lang": "en",
    "updated": 0
  },
  {
    "id": "9f1630ea-4292-4464-9c62-d7a4fc86071c",
    "data": [
      {
        "text": "sức khỏe",
        "meta": "@Suc_khoe",
        "alias": "suc_khoe",
        "userDefined": false
      },
      {
        "text": " trước đi",
        "userDefined": false
      }
    ],
    "isTemplate": false,
    "count": 0,
    "lang": "en",
    "updated": 0
  }
]