[
  {
    "id": "e37f3fc5-7fcb-43b2-be81-ebe5b248009f",
    "data": [
      {
        "text": "lt đi",
        "userDefined": false
      }
    ],
    "isTemplate": false,
    "count": 0,
    "lang": "en",
    "updated": 0
  },
  {
    "id": "18de9b53-c070-406e-bc3f-fe0c706e59f7",
    "data": [
      {
        "text": "ly thuyet nhe",
        "userDefined": false
      }
    ],
    "isTemplate": false,
    "count": 1,
    "lang": "en",
    "updated": 0
  },
  {
    "id": "ea4ceebb-1674-484a-b421-f10fdf3e3e7e",
    "data": [
      {
        "text": "co ly thuyet khong",
        "userDefined": false
      }
    ],
    "isTemplate": false,
    "count": 0,
    "lang": "en",
    "updated": 0
  },
  {
    "id": "9a2996dd-4f99-4c9c-95c6-ed7ce66ee811",
    "data": [
      {
        "text": "t muon hoc ly thuyet",
        "userDefined": false
      }
    ],
    "isTemplate": false,
    "count": 0,
    "lang": "en",
    "updated": 0
  },
  {
    "id": "eb16c5e2-31f9-4748-acaf-e1938e8c0047",
    "data": [
      {
        "text": "tớ muốn học lý thuyết",
        "userDefined": false
      }
    ],
    "isTemplate": false,
    "count": 0,
    "lang": "en",
    "updated": 0
  },
  {
    "id": "da449abe-1ed4-4b83-a04e-19f344740514",
    "data": [
      {
        "text": "ly thuyet",
        "userDefined": false
      }
    ],
    "isTemplate": false,
    "count": 0,
    "lang": "en",
    "updated": 0
  },
  {
    "id": "e761f972-5c3c-4e32-a935-0add2f3d9188",
    "data": [
      {
        "text": "lý thuyết đi",
        "userDefined": false
      }
    ],
    "isTemplate": false,
    "count": 0,
    "lang": "en",
    "updated": 0
  }
]