[
  {
    "id": "107061d9-c09d-471c-b308-71712857f519",
    "data": [
      {
        "text": "video",
        "userDefined": false
      }
    ],
    "isTemplate": false,
    "count": 0,
    "lang": "en",
    "updated": 0
  },
  {
    "id": "7173986a-4935-4084-aba3-28e32809765b",
    "data": [
      {
        "text": "video",
        "meta": "@tai_lieu_hoc",
        "alias": "tai_lieu_hoc",
        "userDefined": true
      },
      {
        "text": " đi",
        "userDefined": false
      }
    ],
    "isTemplate": false,
    "count": 0,
    "lang": "en",
    "updated": 0
  },
  {
    "id": "6cdfedb2-0461-4d2e-b663-f1b84b9b9926",
    "data": [
      {
        "text": "Mình",
        "meta": "@ngoi_thu_hai",
        "alias": "ngoi_thu_hai",
        "userDefined": false
      },
      {
        "text": " muốn học qua ",
        "userDefined": false
      },
      {
        "text": "video",
        "meta": "@tai_lieu_hoc",
        "alias": "tai_lieu_hoc",
        "userDefined": false
      }
    ],
    "isTemplate": false,
    "count": 0,
    "lang": "en",
    "updated": 0
  },
  {
    "id": "776b4428-fa06-4f92-b473-ec543a1e5770",
    "data": [
      {
        "text": "mình",
        "meta": "@ngoi_thu_hai",
        "alias": "ngoi_thu_hai",
        "userDefined": false
      },
      {
        "text": " thích học qua ",
        "userDefined": false
      },
      {
        "text": "clip",
        "meta": "@tai_lieu_hoc",
        "alias": "tai_lieu_hoc",
        "userDefined": false
      }
    ],
    "isTemplate": false,
    "count": 0,
    "lang": "en",
    "updated": 0
  },
  {
    "id": "ed772331-4334-4689-a014-8553787edac3",
    "data": [
      {
        "text": "mình",
        "meta": "@ngoi_thu_hai",
        "alias": "ngoi_thu_hai",
        "userDefined": false
      },
      {
        "text": " có sở thích là xem ",
        "userDefined": false
      },
      {
        "text": "phim",
        "meta": "@tai_lieu_hoc",
        "alias": "tai_lieu_hoc",
        "userDefined": false
      },
      {
        "text": ", ",
        "userDefined": false
      },
      {
        "text": "vlog",
        "meta": "@tai_lieu_hoc",
        "alias": "tai_lieu_hoc",
        "userDefined": false
      },
      {
        "text": " rồi học qua đấy",
        "userDefined": false
      }
    ],
    "isTemplate": false,
    "count": 0,
    "lang": "en",
    "updated": 0
  },
  {
    "id": "2344d303-3053-4ca6-99eb-a98d12441c9e",
    "data": [
      {
        "text": "mình",
        "meta": "@ngoi_thu_hai",
        "alias": "ngoi_thu_hai",
        "userDefined": false
      },
      {
        "text": " luyện qua xem ",
        "userDefined": false
      },
      {
        "text": "vlog",
        "meta": "@tai_lieu_hoc",
        "alias": "tai_lieu_hoc",
        "userDefined": false
      },
      {
        "text": " trên ",
        "userDefined": false
      },
      {
        "text": "youtube",
        "meta": "@tai_lieu_hoc",
        "alias": "tai_lieu_hoc1",
        "userDefined": false
      }
    ],
    "isTemplate": false,
    "count": 0,
    "lang": "en",
    "updated": 0
  }
]