[
  {
    "id": "d398dd9e-4349-4b9e-bc9b-496ebf5cbd7e",
    "data": [
      {
        "text": "có khóa học k",
        "userDefined": false
      }
    ],
    "isTemplate": false,
    "count": 0,
    "lang": "en",
    "updated": 0
  },
  {
    "id": "32cf68bc-ec85-46d3-a1c6-e7779302a116",
    "data": [
      {
        "text": "khoa hoc di",
        "userDefined": false
      }
    ],
    "isTemplate": false,
    "count": 0,
    "lang": "en",
    "updated": 0
  },
  {
    "id": "70682af8-0c34-41cf-8079-063b2ed6b5a7",
    "data": [
      {
        "text": "khóa học nhé",
        "userDefined": false
      }
    ],
    "isTemplate": false,
    "count": 0,
    "lang": "en",
    "updated": 0
  },
  {
    "id": "8b535385-904e-4b80-879f-5d2ba05e7f48",
    "data": [
      {
        "text": "course nhé",
        "userDefined": false
      }
    ],
    "isTemplate": false,
    "count": 0,
    "lang": "en",
    "updated": 0
  },
  {
    "id": "21aa50c3-89ea-4019-8a6e-1fe1e173491f",
    "data": [
      {
        "text": "khóa học đi",
        "userDefined": false
      }
    ],
    "isTemplate": false,
    "count": 0,
    "lang": "en",
    "updated": 0
  }
]