[
  {
    "id": "06f9a558-47e4-489e-9901-114ab79d853c",
    "data": [
      {
        "text": "công việc",
        "meta": "@Cong_viec",
        "alias": "cong_viec",
        "userDefined": false
      },
      {
        "text": " đi",
        "userDefined": false
      }
    ],
    "isTemplate": false,
    "count": 0,
    "lang": "en",
    "updated": 0
  },
  {
    "id": "2b916072-299e-46f2-84f5-958586ff9efe",
    "data": [
      {
        "text": "Mình",
        "meta": "@ngoi_thu_hai",
        "alias": "ngoi_thu_hai",
        "userDefined": false
      },
      {
        "text": " chọn tìm hiểu về ",
        "userDefined": false
      },
      {
        "text": "công việc",
        "meta": "@Cong_viec",
        "alias": "cong_viec",
        "userDefined": false
      }
    ],
    "isTemplate": false,
    "count": 0,
    "lang": "en",
    "updated": 0
  },
  {
    "id": "ee695045-1e29-4e20-8370-ad4949aff3c2",
    "data": [
      {
        "text": "Mình",
        "meta": "@ngoi_thu_hai",
        "alias": "ngoi_thu_hai",
        "userDefined": false
      },
      {
        "text": " muốn tìm hiểu về ",
        "userDefined": false
      },
      {
        "text": "công việc",
        "meta": "@Cong_viec",
        "alias": "cong_viec",
        "userDefined": false
      },
      {
        "text": " trước",
        "userDefined": false
      }
    ],
    "isTemplate": false,
    "count": 0,
    "lang": "en",
    "updated": 0
  },
  {
    "id": "dc8d51c6-4cc4-4282-9ed2-acda58dcfd81",
    "data": [
      {
        "text": "công việc",
        "meta": "@Cong_viec",
        "alias": "cong_viec",
        "userDefined": false
      },
      {
        "text": " trước đi",
        "userDefined": false
      }
    ],
    "isTemplate": false,
    "count": 0,
    "lang": "en",
    "updated": 0
  }
]