[
  {
    "id": "b9a63d6e-9d82-44c9-aebb-4491aef08f31",
    "data": [
      {
        "text": "ăn uống",
        "meta": "@An_uong",
        "alias": "an_uong",
        "userDefined": false
      },
      {
        "text": " đi",
        "userDefined": false
      }
    ],
    "isTemplate": false,
    "count": 0,
    "lang": "en",
    "updated": 0
  },
  {
    "id": "15b0a8fc-f087-4fec-a350-1440a194b794",
    "data": [
      {
        "text": "Mình",
        "meta": "@ngoi_thu_hai",
        "alias": "ngoi_thu_hai",
        "userDefined": false
      },
      {
        "text": " chọn tìm hiểu về ",
        "userDefined": false
      },
      {
        "text": "ăn uống",
        "meta": "@An_uong",
        "alias": "an_uong",
        "userDefined": false
      }
    ],
    "isTemplate": false,
    "count": 0,
    "lang": "en",
    "updated": 0
  },
  {
    "id": "70e21efc-cfe4-4993-a400-5c2ec4653c64",
    "data": [
      {
        "text": "Mình",
        "meta": "@ngoi_thu_hai",
        "alias": "ngoi_thu_hai",
        "userDefined": false
      },
      {
        "text": " muốn tìm hiểu về ",
        "userDefined": false
      },
      {
        "text": "ăn uống",
        "meta": "@An_uong",
        "alias": "an_uong",
        "userDefined": false
      },
      {
        "text": " trước",
        "userDefined": false
      }
    ],
    "isTemplate": false,
    "count": 0,
    "lang": "en",
    "updated": 0
  },
  {
    "id": "cae0a4f3-0be2-4aac-a017-61041bbfc798",
    "data": [
      {
        "text": "ăn uống",
        "meta": "@An_uong",
        "alias": "an_uong",
        "userDefined": false
      },
      {
        "text": " trước đi",
        "userDefined": false
      }
    ],
    "isTemplate": false,
    "count": 0,
    "lang": "en",
    "updated": 0
  }
]