[
  {
    "id": "437371d6-58af-4105-95ad-5c1418763bd6",
    "data": [
      {
        "text": "mình",
        "meta": "@ngoi_thu_hai",
        "alias": "ngoi_thu_hai",
        "userDefined": false
      },
      {
        "text": " muốn tìm hiểu về ",
        "userDefined": false
      },
      {
        "text": "phương tiện giao thống",
        "meta": "@Phuong_tien_giao_thong",
        "alias": "phuong_tien_giao_thong",
        "userDefined": false
      },
      {
        "text": " trước",
        "userDefined": false
      }
    ],
    "isTemplate": false,
    "count": 0,
    "lang": "en",
    "updated": 0
  },
  {
    "id": "a3cbb9ad-1326-43f5-b7cd-264bccd3113b",
    "data": [
      {
        "text": "phương tiện giao thông",
        "meta": "@Phuong_tien_giao_thong",
        "alias": "phuong_tien_giao_thong",
        "userDefined": false
      },
      {
        "text": " trước đi",
        "userDefined": false
      }
    ],
    "isTemplate": false,
    "count": 0,
    "lang": "en",
    "updated": 0
  }
]