[
  {
    "id": "2dc71ae9-7ed4-43a4-81e9-68f52ebea9d3",
    "data": [
      {
        "text": "thể thao",
        "meta": "@the_thao",
        "alias": "the_thao",
        "userDefined": false
      },
      {
        "text": " đi",
        "userDefined": false
      }
    ],
    "isTemplate": false,
    "count": 0,
    "lang": "en",
    "updated": 0
  },
  {
    "id": "05c7e859-f546-4377-9308-1cd667f21559",
    "data": [
      {
        "text": "Mình",
        "meta": "@ngoi_thu_hai",
        "alias": "ngoi_thu_hai",
        "userDefined": false
      },
      {
        "text": " chọn tìm hiểu về ",
        "userDefined": false
      },
      {
        "text": "thể thao",
        "meta": "@the_thao",
        "alias": "the_thao",
        "userDefined": false
      }
    ],
    "isTemplate": false,
    "count": 0,
    "lang": "en",
    "updated": 0
  },
  {
    "id": "7b975156-cb5e-49a4-be9f-fd3ca4cd49ba",
    "data": [
      {
        "text": "Mình",
        "meta": "@ngoi_thu_hai",
        "alias": "ngoi_thu_hai",
        "userDefined": false
      },
      {
        "text": " muốn tìm hiểu về ",
        "userDefined": false
      },
      {
        "text": "thể thao",
        "meta": "@the_thao",
        "alias": "the_thao",
        "userDefined": false
      },
      {
        "text": " trước",
        "userDefined": false
      }
    ],
    "isTemplate": false,
    "count": 0,
    "lang": "en",
    "updated": 0
  },
  {
    "id": "34496df9-1275-4176-9ddf-8d11a02e9c7e",
    "data": [
      {
        "text": "thể thao",
        "meta": "@the_thao",
        "alias": "the_thao",
        "userDefined": false
      },
      {
        "text": " trước đi",
        "userDefined": false
      }
    ],
    "isTemplate": false,
    "count": 0,
    "lang": "en",
    "updated": 0
  }
]