[
  {
    "id": "a3bd8736-54e9-403b-8ffd-f8ca09765e44",
    "data": [
      {
        "text": "ăn uống",
        "meta": "@An_uong",
        "alias": "an_uong",
        "userDefined": false
      },
      {
        "text": " đi",
        "userDefined": false
      }
    ],
    "isTemplate": false,
    "count": 0,
    "lang": "en",
    "updated": 0
  },
  {
    "id": "2755bf16-08a9-48b0-b094-b1f7e9600671",
    "data": [
      {
        "text": "Mình",
        "meta": "@ngoi_thu_hai",
        "alias": "ngoi_thu_hai",
        "userDefined": false
      },
      {
        "text": " chọn tìm hiểu về ",
        "userDefined": false
      },
      {
        "text": "ăn uống",
        "meta": "@An_uong",
        "alias": "an_uong",
        "userDefined": false
      }
    ],
    "isTemplate": false,
    "count": 0,
    "lang": "en",
    "updated": 0
  },
  {
    "id": "f9cc96c1-abfa-46ba-a874-6d242b2ccba8",
    "data": [
      {
        "text": "Mình",
        "meta": "@ngoi_thu_hai",
        "alias": "ngoi_thu_hai",
        "userDefined": false
      },
      {
        "text": " muốn tìm hiểu về ",
        "userDefined": false
      },
      {
        "text": "ăn uống",
        "meta": "@An_uong",
        "alias": "an_uong",
        "userDefined": false
      },
      {
        "text": " trước",
        "userDefined": false
      }
    ],
    "isTemplate": false,
    "count": 0,
    "lang": "en",
    "updated": 0
  },
  {
    "id": "d9221e0d-c9ef-4181-aa01-3bf90e2736c1",
    "data": [
      {
        "text": "ăn uống",
        "meta": "@An_uong",
        "alias": "an_uong",
        "userDefined": false
      },
      {
        "text": " trước đi",
        "userDefined": false
      }
    ],
    "isTemplate": false,
    "count": 0,
    "lang": "en",
    "updated": 0
  }
]