[
  {
    "id": "179e6bbf-7322-4ad8-8ade-edd386625749",
    "data": [
      {
        "text": "Nhà đất",
        "meta": "@Nha_dat",
        "alias": "nha_dat",
        "userDefined": false
      },
      {
        "text": " đi",
        "userDefined": false
      }
    ],
    "isTemplate": false,
    "count": 0,
    "lang": "en",
    "updated": 0
  },
  {
    "id": "4c1147a9-4d7a-4407-9620-32c88b69288a",
    "data": [
      {
        "text": "Mình",
        "meta": "@ngoi_thu_hai",
        "alias": "ngoi_thu_hai",
        "userDefined": false
      },
      {
        "text": " chọn tìm hiểu về ",
        "userDefined": false
      },
      {
        "text": "Nhà đất",
        "meta": "@Nha_dat",
        "alias": "nha_dat",
        "userDefined": false
      }
    ],
    "isTemplate": false,
    "count": 0,
    "lang": "en",
    "updated": 0
  },
  {
    "id": "019e17b4-4a59-4082-ae7b-cf8473e04d65",
    "data": [
      {
        "text": "Mình",
        "meta": "@ngoi_thu_hai",
        "alias": "ngoi_thu_hai",
        "userDefined": false
      },
      {
        "text": " muốn tìm hiểu về ",
        "userDefined": false
      },
      {
        "text": "Nhà đất",
        "meta": "@Nha_dat",
        "alias": "nha_dat",
        "userDefined": false
      },
      {
        "text": " trước",
        "userDefined": false
      }
    ],
    "isTemplate": false,
    "count": 0,
    "lang": "en",
    "updated": 0
  },
  {
    "id": "665aca4a-24f2-4f00-8f51-464246f9c7b6",
    "data": [
      {
        "text": "Nhà đất",
        "meta": "@Nha_dat",
        "alias": "nha_dat",
        "userDefined": false
      },
      {
        "text": " trước đi",
        "userDefined": false
      }
    ],
    "isTemplate": false,
    "count": 0,
    "lang": "en",
    "updated": 0
  }
]