[
  {
    "id": "5474954c-7f2f-40b2-b424-49a818cdd299",
    "data": [
      {
        "text": "ngữ pháp",
        "userDefined": false
      }
    ],
    "isTemplate": false,
    "count": 0,
    "lang": "en",
    "updated": 0
  },
  {
    "id": "c7388363-ae45-416f-a93b-01fa544fe805",
    "data": [
      {
        "text": "ngữ pháp toeic",
        "userDefined": false
      }
    ],
    "isTemplate": false,
    "count": 0,
    "lang": "en",
    "updated": 0
  },
  {
    "id": "9abf3317-47c9-4af0-b26d-e57154b49746",
    "data": [
      {
        "text": "grammar Toeic",
        "userDefined": false
      }
    ],
    "isTemplate": false,
    "count": 0,
    "lang": "en",
    "updated": 0
  },
  {
    "id": "4652fceb-4846-4c93-9f1a-7b48fd1bf191",
    "data": [
      {
        "text": "học grammar như nào, trình độ tớ là ",
        "userDefined": false
      },
      {
        "text": "500",
        "meta": "@Trinh_do",
        "alias": "Trinh_do",
        "userDefined": true
      },
      {
        "text": " TOEIC, mục tiêu là ",
        "userDefined": false
      },
      {
        "text": "900,",
        "meta": "@Muc_tieu",
        "alias": "Muc_tieu",
        "userDefined": true
      }
    ],
    "isTemplate": false,
    "count": 0,
    "lang": "en",
    "updated": 0
  },
  {
    "id": "6b5c5f88-5da0-4171-99ba-ca1b705237d6",
    "data": [
      {
        "text": "hoc grammar nhu nào",
        "userDefined": false
      }
    ],
    "isTemplate": false,
    "count": 0,
    "lang": "en",
    "updated": 0
  },
  {
    "id": "816b0acd-9f6b-4266-a419-3dea70f4e104",
    "data": [
      {
        "text": "học ngữ pháp nhu nao",
        "userDefined": false
      }
    ],
    "isTemplate": false,
    "count": 0,
    "lang": "en",
    "updated": 0
  },
  {
    "id": "b1f9ae55-85e7-4303-a49d-800befaf9032",
    "data": [
      {
        "text": "học ngữ pháp như nào",
        "userDefined": false
      }
    ],
    "isTemplate": false,
    "count": 0,
    "lang": "en",
    "updated": 0
  }
]