[
  {
    "id": "e1227db8-643d-4112-9651-d5dff2c67a69",
    "data": [
      {
        "text": "oke bẹn ie",
        "userDefined": false
      }
    ],
    "isTemplate": false,
    "count": 0,
    "lang": "en",
    "updated": 0
  },
  {
    "id": "eb52cde6-ac98-49c3-867d-99902d9f96cb",
    "data": [
      {
        "text": "ok b ơi",
        "userDefined": false
      }
    ],
    "isTemplate": false,
    "count": 0,
    "lang": "en",
    "updated": 0
  },
  {
    "id": "f200940e-73c2-49f5-a8e9-146b784d4a1b",
    "data": [
      {
        "text": "nhất trí",
        "userDefined": false
      }
    ],
    "isTemplate": false,
    "count": 0,
    "lang": "en",
    "updated": 0
  },
  {
    "id": "dd63bb7b-8e71-4c0b-9286-b18ad17c724a",
    "data": [
      {
        "text": "yep",
        "userDefined": false
      }
    ],
    "isTemplate": false,
    "count": 0,
    "lang": "en",
    "updated": 0
  },
  {
    "id": "6562fab0-f935-4d19-9dd4-090be4a48ef5",
    "data": [
      {
        "text": "yup",
        "userDefined": false
      }
    ],
    "isTemplate": false,
    "count": 0,
    "lang": "en",
    "updated": 0
  },
  {
    "id": "46cc4078-4125-4487-a55a-06c54c93ba67",
    "data": [
      {
        "text": "được",
        "userDefined": false
      }
    ],
    "isTemplate": false,
    "count": 0,
    "lang": "en",
    "updated": 0
  },
  {
    "id": "b1c0c8ed-b8fb-4642-8c64-cd9e9314774f",
    "data": [
      {
        "text": "okay",
        "userDefined": false
      }
    ],
    "isTemplate": false,
    "count": 0,
    "lang": "en",
    "updated": 0
  },
  {
    "id": "b5ac9460-406f-436c-a624-12a64c355336",
    "data": [
      {
        "text": "oke",
        "userDefined": false
      }
    ],
    "isTemplate": false,
    "count": 0,
    "lang": "en",
    "updated": 0
  }
]