[
  {
    "id": "e525fa4d-8099-4f0a-9954-785c25f87ad1",
    "data": [
      {
        "text": "lượn đi",
        "userDefined": false
      }
    ],
    "isTemplate": false,
    "count": 0,
    "lang": "en",
    "updated": 0
  },
  {
    "id": "c336782d-46a3-401d-a4fa-7452f11f2ad8",
    "data": [
      {
        "text": "gút bai",
        "userDefined": false
      }
    ],
    "isTemplate": false,
    "count": 0,
    "lang": "en",
    "updated": 0
  },
  {
    "id": "a0f20148-9318-41d5-a9e7-3b0167eeb310",
    "data": [
      {
        "text": "cút",
        "userDefined": false
      }
    ],
    "isTemplate": false,
    "count": 0,
    "lang": "en",
    "updated": 0
  },
  {
    "id": "99da4e7c-a4ca-4d63-b057-e98d5f169147",
    "data": [
      {
        "text": "tạm biệt nhé",
        "userDefined": false
      }
    ],
    "isTemplate": false,
    "count": 0,
    "lang": "en",
    "updated": 0
  },
  {
    "id": "2e080bec-f045-4d75-b54b-498c0c39f56a",
    "data": [
      {
        "text": "bye bye",
        "userDefined": false
      }
    ],
    "isTemplate": false,
    "count": 0,
    "lang": "en",
    "updated": 0
  },
  {
    "id": "78b0ec08-4c7b-435e-9e6b-5d88f7ffab30",
    "data": [
      {
        "text": "bye",
        "userDefined": false
      }
    ],
    "isTemplate": false,
    "count": 0,
    "lang": "en",
    "updated": 0
  }
]