[
  {
    "id": "2b4e13cf-5506-4a1b-a281-a40ce85dbaf2",
    "data": [
      {
        "text": "TOEIC ",
        "userDefined": false
      },
      {
        "text": "là gì",
        "meta": "@thao_tac_dich",
        "alias": "thao_tac_dich",
        "userDefined": false
      },
      {
        "text": " ???????????????",
        "userDefined": false
      }
    ],
    "isTemplate": false,
    "count": 0,
    "lang": "en",
    "updated": 0
  },
  {
    "id": "597e07b5-1b67-40f0-8f2f-294edf0d78a1",
    "data": [
      {
        "text": "Toeic là cđg",
        "userDefined": false
      }
    ],
    "isTemplate": false,
    "count": 0,
    "lang": "en",
    "updated": 0
  },
  {
    "id": "60ebf81e-e207-485c-9f22-e807a86c2ea2",
    "data": [
      {
        "text": "Toeic ",
        "userDefined": false
      },
      {
        "text": "là gì",
        "meta": "@thao_tac_dich",
        "alias": "thao_tac_dich",
        "userDefined": false
      }
    ],
    "isTemplate": false,
    "count": 0,
    "lang": "en",
    "updated": 0
  }
]