[
  {
    "value": "Trần",
    "synonyms": [
      "Trần, trần"
    ]
  },
  {
    "value": "Nguyễn",
    "synonyms": [
      "Nguyễn",
      "nguyễn"
    ]
  },
  {
    "value": "Lê",
    "synonyms": [
      "Lê",
      "lê"
    ]
  },
  {
    "value": "Phan",
    "synonyms": [
      "Phan",
      "phan"
    ]
  },
  {
    "value": "Đỗ",
    "synonyms": [
      "Đỗ"
    ]
  },
  {
    "value": "Hoàng",
    "synonyms": [
      "Hoàng"
    ]
  },
  {
    "value": "Trịnh",
    "synonyms": [
      "Trịnh",
      "trịnh"
    ]
  }
]