[
  {
    "value": "phương pháp học từ vựng",
    "synonyms": [
      "phương pháp học từ vựng",
      "không biết học từ vựng thế nào",
      "không nhớ được từ vựng",
      "hay quên từ vựng",
      "quá nhiều từ vựng",
      "không biết nên bắt đầu từ đâu với từ vựng",
      "hướng học từ vựng",
      "không có tài liệu học từ vựng",
      "thiếu tài liệu học từ vựng",
      "từ vựng không theo chủ đề"
    ]
  },
  {
    "value": "phương pháp học ngữ pháp",
    "synonyms": [
      "phương pháp học ngữ pháp",
      "không biết học ngữ pháp thế nào",
      "ngữ pháp khô khan",
      "không nhớ được ngữ pháp",
      "quá nhiều ngữ pháp",
      "ngữ pháp phức tạp",
      "không biết nên bắt đầu từ đâu với ngữ pháp",
      "hướng học ngữ pháp",
      "không có tài liệu học ngữ pháp",
      "ngữ pháp khó",
      "thiếu tài liệu học ngữ pháp"
    ]
  },
  {
    "value": "thiếu đề thi những năm gần đây",
    "synonyms": [
      "thiếu đề thi những năm gần đây",
      "đề thi quá nhiều nên không biết chọn quyển nào",
      "có quá nhiều tài liệu nên không biết chọn tài liệu nào",
      "có quá nhiều tài liệu nên không biết chọn quyển nào",
      "không biết tìm tài liệu ở đâu",
      "không biết tìm sách ở đâu",
      "không biết sách nào phù hợp với mình",
      "không biết tài liệu nào phù hợp với mình"
    ]
  }
]