[
  {
    "value": "khoảng 450+",
    "synonyms": [
      "khoảng 450+",
      "trên 450",
      "khoảng 450",
      "hơn 450"
    ]
  },
  {
    "value": "khoảng 500 đến 650",
    "synonyms": [
      "khoảng 500 đến 650",
      "khoảng 500+",
      "trên 500",
      "khoảng 550+",
      "khoảng 600+",
      "trên 550",
      "trên 600",
      "hơn 500"
    ]
  },
  {
    "value": "khoảng 650 đến 750",
    "synonyms": [
      "khoảng 650",
      "650",
      "700",
      "750",
      "650+",
      "700+",
      "trên 650",
      "trên 600",
      "trên 700"
    ]
  },
  {
    "value": "khoảng 750 đến 990",
    "synonyms": [
      "khoảng 750 đến 990",
      "750",
      "800",
      "850",
      "900",
      "950",
      "990",
      "965+"
    ]
  }
]