[
  {
    "value": "Hiệp",
    "synonyms": [
      "Hiệp"
    ]
  },
  {
    "value": "Tâm",
    "synonyms": [
      "Tâm"
    ]
  },
  {
    "value": "Tiến Anh",
    "synonyms": [
      "Tiến Anh"
    ]
  },
  {
    "value": "Hoàng",
    "synonyms": [
      "Hoàng"
    ]
  },
  {
    "value": "Minh",
    "synonyms": [
      "Minh"
    ]
  },
  {
    "value": "An",
    "synonyms": [
      "An"
    ]
  },
  {
    "value": "Long",
    "synonyms": [
      "Long"
    ]
  },
  {
    "value": "Lâm",
    "synonyms": [
      "Lâm"
    ]
  },
  {
    "value": "Bảo",
    "synonyms": [
      "Bảo"
    ]
  },
  {
    "value": "Phúc",
    "synonyms": [
      "Phúc"
    ]
  },
  {
    "value": "Hưng",
    "synonyms": [
      "Hưng"
    ]
  },
  {
    "value": "Mai",
    "synonyms": [
      "Mai"
    ]
  },
  {
    "value": "Quỳnh Anh",
    "synonyms": [
      "Quỳnh Anh"
    ]
  },
  {
    "value": "Hương",
    "synonyms": [
      "Hương"
    ]
  },
  {
    "value": "Hải",
    "synonyms": [
      "Hải"
    ]
  },
  {
    "value": "Hà",
    "synonyms": [
      "Hà"
    ]
  },
  {
    "value": "Chi",
    "synonyms": [
      "Chi"
    ]
  },
  {
    "value": "Trang",
    "synonyms": [
      "Trang"
    ]
  },
  {
    "value": "An",
    "synonyms": [
      "An"
    ]
  },
  {
    "value": "Hiếu",
    "synonyms": [
      "Hiếu"
    ]
  }
]