[
  {
    "value": "dưới 200",
    "synonyms": [
      "khoảng 200",
      "dưới 200",
      "195",
      "190",
      "185",
      "180",
      "175",
      "170",
      "165",
      "160",
      "155",
      "150",
      "145",
      "140",
      "135",
      "130",
      "125",
      "120",
      "115",
      "110",
      "105",
      "100",
      "dưới 100",
      "mới bắt đầu",
      "hơn 200",
      "200"
    ]
  },
  {
    "value": "khoảng 200 đến 300",
    "synonyms": [
      "khoảng 200 đến 300",
      "205",
      "210",
      "215",
      "220",
      "225",
      "230",
      "235",
      "240",
      "245",
      "250",
      "255",
      "260",
      "265",
      "270",
      "275",
      "280",
      "285",
      "290",
      "295",
      "300",
      "gần 300",
      "trên 200",
      "khoảng 300",
      "tầm tầm 200",
      "hơn 300"
    ]
  },
  {
    "value": "khoảng 300 đến 400",
    "synonyms": [
      "khoảng 300 đến 400",
      "305",
      "310",
      "315",
      "320",
      "325",
      "330",
      "335",
      "340",
      "345",
      "350",
      "355",
      "360",
      "365",
      "370",
      "375",
      "380",
      "385",
      "390",
      "395",
      "400",
      "trên 300",
      "gần 400",
      "khoảng 400",
      "tầm tầm 300",
      "hơn 400"
    ]
  },
  {
    "value": "khoảng 400 đến 500",
    "synonyms": [
      "khoảng 400 đến 500",
      "405",
      "410",
      "415",
      "420",
      "425",
      "430",
      "435",
      "440",
      "445",
      "450",
      "455",
      "460",
      "465",
      "470",
      "475",
      "480",
      "485",
      "490",
      "495",
      "500",
      "trên 400",
      "gần 500",
      "khoảng 500",
      "tầm tầm 500",
      "hơn 500"
    ]
  },
  {
    "value": "trình độ",
    "synonyms": [
      "trình độ",
      "năng lực",
      "khả năng",
      "điểm"
    ]
  }
]